phase_name,Zn,Mg,Cu
LIQUID,100,0,0
LIQUID,99,0,1
LIQUID,99,1,0
LIQUID,98,0,2
LIQUID,98,1,1
LIQUID,98,2,0
LIQUID,97,0,3
LIQUID,97,1,2
LIQUID,97,2,1
LIQUID,97,3,0
LIQUID,96,0,4
LIQUID,96,1,3
LIQUID,96,2,2
LIQUID,96,3,1
LIQUID,96,4,0
LIQUID,95,0,5
LIQUID,95,1,4
LIQUID,95,2,3
LIQUID,95,3,2
LIQUID,95,4,1
LIQUID,95,5,0
LIQUID,94,0,6
LIQUID,94,1,5
LIQUID,94,2,4
LIQUID,94,3,3
LIQUID,94,4,2
LIQUID,94,5,1
LIQUID,94,6,0
LIQUID,93,0,7
LIQUID,93,1,6
LIQUID,93,2,5
LIQUID,93,3,4
LIQUID,93,4,3
LIQUID,93,5,2
LIQUID,93,6,1
LIQUID,93,7,0
LIQUID,92,0,8
LIQUID,92,1,7
LIQUID,92,2,6
LIQUID,92,3,5
LIQUID,92,4,4
LIQUID,92,5,3
LIQUID,92,6,2
LIQUID,92,7,1
LIQUID,92,8,0
LIQUID,91,0,9
LIQUID,91,1,8
LIQUID,91,2,7
LIQUID,91,3,6
LIQUID,91,4,5
LIQUID,91,5,4
LIQUID,91,6,3
LIQUID,91,7,2
LIQUID,91,8,1
LIQUID,91,9,0
LIQUID,90,0,10
LIQUID,90,1,9
LIQUID,90,2,8
LIQUID,90,3,7
LIQUID,90,4,6
LIQUID,90,5,5
LIQUID,90,6,4
LIQUID,90,7,3
LIQUID,90,8,2
LIQUID,90,9,1
LIQUID,90,10,0
LIQUID,89,0,11
LIQUID,89,1,10
LIQUID,89,2,9
LIQUID,89,3,8
LIQUID,89,4,7
LIQUID,89,5,6
LIQUID,89,6,5
LIQUID,89,7,4
LIQUID,89,8,3
LIQUID,89,9,2
LIQUID,89,10,1
LIQUID,89,11,0
LIQUID,88,0,12
LIQUID,88,1,11
LIQUID,88,2,10
LIQUID,88,3,9
LIQUID,88,4,8
LIQUID,88,5,7
LIQUID,88,6,6
LIQUID,88,7,5
LIQUID,88,8,4
LIQUID,88,9,3
LIQUID,88,10,2
LIQUID,88,11,1
LIQUID,88,12,0
LIQUID,87,0,13
LIQUID,87,1,12
LIQUID,87,2,11
LIQUID,87,3,10
LIQUID,87,4,9
LIQUID,87,5,8
LIQUID,87,6,7
LIQUID,87,7,6
LIQUID,87,8,5
LIQUID,87,9,4
LIQUID,87,10,3
LIQUID,87,11,2
LIQUID,87,12,1
LIQUID,87,13,0
LIQUID,86,0,14
LIQUID,86,1,13
LIQUID,86,2,12
LIQUID,86,3,11
LIQUID,86,4,10
LIQUID,86,5,9
LIQUID,86,6,8
LIQUID,86,7,7
LIQUID,86,8,6
LIQUID,86,9,5
LIQUID,86,10,4
LIQUID,86,11,3
LIQUID,86,12,2
LIQUID,86,13,1
LIQUID,86,14,0
LIQUID,85,0,15
LIQUID,85,1,14
LIQUID,85,2,13
LIQUID,85,3,12
LIQUID,85,4,11
LIQUID,85,5,10
LIQUID,85,6,9
LIQUID,85,7,8
LIQUID,85,8,7
LIQUID,85,9,6
LIQUID,85,10,5
LIQUID,85,11,4
LIQUID,85,12,3
LIQUID,85,13,2
LIQUID,85,14,1
LIQUID,85,15,0
LIQUID,84,0,16
LIQUID,84,1,15
LIQUID,84,2,14
LIQUID,84,3,13
LIQUID,84,4,12
LIQUID,84,5,11
LIQUID,84,6,10
LIQUID,84,7,9
LIQUID,84,8,8
LIQUID,84,9,7
LIQUID,84,10,6
LIQUID,84,11,5
LIQUID,84,12,4
LIQUID,84,13,3
LIQUID,84,14,2
LIQUID,84,15,1
LIQUID,84,16,0
LIQUID,83,0,17
LIQUID,83,1,16
LIQUID,83,2,15
LIQUID,83,3,14
LIQUID,83,4,13
LIQUID,83,5,12
LIQUID,83,6,11
LIQUID,83,7,10
LIQUID,83,8,9
LIQUID,83,9,8
LIQUID,83,10,7
LIQUID,83,11,6
LIQUID,83,12,5
LIQUID,83,13,4
LIQUID,83,14,3
LIQUID,83,15,2
LIQUID,83,16,1
LIQUID,83,17,0
LIQUID,82,0,18
LIQUID,82,1,17
LIQUID,82,2,16
LIQUID,82,3,15
LIQUID,82,4,14
LIQUID,82,5,13
LIQUID,82,6,12
LIQUID,82,7,11
LIQUID,82,8,10
LIQUID,82,9,9
LIQUID,82,10,8
LIQUID,82,11,7
LIQUID,82,12,6
LIQUID,82,13,5
LIQUID,82,14,4
LIQUID,82,15,3
LIQUID,82,16,2
LIQUID,82,17,1
LIQUID,82,18,0
LIQUID,81,0,19
LIQUID,81,1,18
LIQUID,81,2,17
LIQUID,81,3,16
LIQUID,81,4,15
LIQUID,81,5,14
LIQUID,81,6,13
LIQUID,81,7,12
LIQUID,81,8,11
LIQUID,81,9,10
LIQUID,81,10,9
LIQUID,81,11,8
LIQUID,81,12,7
LIQUID,81,13,6
LIQUID,81,14,5
LIQUID,81,15,4
LIQUID,81,16,3
LIQUID,81,17,2
LIQUID,81,18,1
LIQUID,81,19,0
LIQUID,80,0,20
LIQUID,80,1,19
LIQUID,80,2,18
LIQUID,80,3,17
LIQUID,80,4,16
LIQUID,80,5,15
LIQUID,80,6,14
LIQUID,80,7,13
LIQUID,80,8,12
LIQUID,80,9,11
LIQUID,80,10,10
LIQUID,80,11,9
LIQUID,80,12,8
LIQUID,80,13,7
LIQUID,80,14,6
LIQUID,80,15,5
LIQUID,80,16,4
LIQUID,80,17,3
LIQUID,80,18,2
LIQUID,80,19,1
LIQUID,80,20,0
LIQUID,79,0,21
LIQUID,79,1,20
LIQUID,79,2,19
LIQUID,79,3,18
LIQUID,79,4,17
LIQUID,79,5,16
LIQUID,79,6,15
LIQUID,79,7,14
LIQUID,79,8,13
LIQUID,79,9,12
LIQUID,79,10,11
LIQUID,79,11,10
LIQUID,79,12,9
LIQUID,79,13,8
LIQUID,79,14,7
LIQUID,79,15,6
LIQUID,79,16,5
LIQUID,79,17,4
LIQUID,79,18,3
LIQUID,79,19,2
LIQUID,79,20,1
LIQUID,79,21,0
LIQUID,78,0,22
LIQUID,78,1,21
LIQUID,78,2,20
LIQUID,78,3,19
LIQUID,78,4,18
LIQUID,78,5,17
LIQUID,78,6,16
LIQUID,78,7,15
LIQUID,78,8,14
LIQUID,78,9,13
LIQUID,78,10,12
LIQUID,78,11,11
LIQUID,78,12,10
LIQUID,78,13,9
LIQUID,78,14,8
LIQUID,78,15,7
LIQUID,78,16,6
LIQUID,78,17,5
LIQUID,78,18,4
LIQUID,78,19,3
LIQUID,78,20,2
LIQUID,78,21,1
LIQUID,78,22,0
LIQUID,77,0,23
LIQUID,77,1,22
LIQUID,77,2,21
LIQUID,77,3,20
LIQUID,77,4,19
LIQUID,77,5,18
LIQUID,77,6,17
LIQUID,77,7,16
LIQUID,77,8,15
LIQUID,77,9,14
LIQUID,77,10,13
LIQUID,77,11,12
LIQUID,77,12,11
LIQUID,77,13,10
LIQUID,77,14,9
LIQUID,77,15,8
LIQUID,77,16,7
LIQUID,77,17,6
LIQUID,77,18,5
LIQUID,77,19,4
LIQUID,77,20,3
LIQUID,77,21,2
LIQUID,77,22,1
LIQUID,77,23,0
LIQUID,76,0,24
LIQUID,76,1,23
LIQUID,76,2,22
LIQUID,76,3,21
LIQUID,76,4,20
LIQUID,76,5,19
LIQUID,76,6,18
LIQUID,76,7,17
LIQUID,76,8,16
LIQUID,76,9,15
LIQUID,76,10,14
LIQUID,76,11,13
LIQUID,76,12,12
LIQUID,76,13,11
LIQUID,76,14,10
LIQUID,76,15,9
LIQUID,76,16,8
LIQUID,76,17,7
LIQUID,76,18,6
LIQUID,76,19,5
LIQUID,76,20,4
LIQUID,76,21,3
LIQUID,76,22,2
LIQUID,76,23,1
LIQUID,76,24,0
LIQUID,75,0,25
LIQUID,75,1,24
LIQUID,75,2,23
LIQUID,75,3,22
LIQUID,75,4,21
LIQUID,75,5,20
LIQUID,75,6,19
LIQUID,75,7,18
LIQUID,75,8,17
LIQUID,75,9,16
LIQUID,75,10,15
LIQUID,75,11,14
LIQUID,75,12,13
LIQUID,75,13,12
LIQUID,75,14,11
LIQUID,75,15,10
LIQUID,75,16,9
LIQUID,75,17,8
LIQUID,75,18,7
LIQUID,75,19,6
LIQUID,75,20,5
LIQUID,75,21,4
LIQUID,75,22,3
LIQUID,75,23,2
LIQUID,75,24,1
LIQUID,75,25,0
LIQUID,74,0,26
LIQUID,74,1,25
LIQUID,74,2,24
LIQUID,74,3,23
LIQUID,74,4,22
LIQUID,74,5,21
LIQUID,74,6,20
LIQUID,74,7,19
LIQUID,74,8,18
LIQUID,74,9,17
LIQUID,74,10,16
LIQUID,74,11,15
LIQUID,74,12,14
LIQUID,74,13,13
LIQUID,74,14,12
LIQUID,74,15,11
LIQUID,74,16,10
LIQUID,74,17,9
LIQUID,74,18,8
LIQUID,74,19,7
LIQUID,74,20,6
LIQUID,74,21,5
LIQUID,74,22,4
LIQUID,74,23,3
LIQUID,74,24,2
LIQUID,74,25,1
LIQUID,74,26,0
LIQUID,73,0,27
LIQUID,73,1,26
LIQUID,73,2,25
LIQUID,73,3,24
LIQUID,73,4,23
LIQUID,73,5,22
LIQUID,73,6,21
LIQUID,73,7,20
LIQUID,73,8,19
LIQUID,73,9,18
LIQUID,73,10,17
LIQUID,73,11,16
LIQUID,73,12,15
LIQUID,73,13,14
LIQUID,73,14,13
LIQUID,73,15,12
LIQUID,73,16,11
LIQUID,73,17,10
LIQUID,73,18,9
LIQUID,73,19,8
LIQUID,73,20,7
LIQUID,73,21,6
LIQUID,73,22,5
LIQUID,73,23,4
LIQUID,73,24,3
LIQUID,73,25,2
LIQUID,73,26,1
LIQUID,73,27,0
LIQUID,72,0,28
LIQUID,72,1,27
LIQUID,72,2,26
LIQUID,72,3,25
LIQUID,72,4,24
LIQUID,72,5,23
LIQUID,72,6,22
LIQUID,72,7,21
LIQUID,72,8,20
LIQUID,72,9,19
LIQUID,72,10,18
LIQUID,72,11,17
LIQUID,72,12,16
LIQUID,72,13,15
LIQUID,72,14,14
LIQUID,72,15,13
LIQUID,72,16,12
LIQUID,72,17,11
LIQUID,72,18,10
LIQUID,72,19,9
LIQUID,72,20,8
LIQUID,72,21,7
LIQUID,72,22,6
LIQUID,72,23,5
LIQUID,72,24,4
LIQUID,72,25,3
LIQUID,72,26,2
LIQUID,72,27,1
LIQUID,72,28,0
LIQUID,71,0,29
LIQUID,71,1,28
LIQUID,71,2,27
LIQUID,71,3,26
LIQUID,71,4,25
LIQUID,71,5,24
LIQUID,71,6,23
LIQUID,71,7,22
LIQUID,71,8,21
LIQUID,71,9,20
LIQUID,71,10,19
LIQUID,71,11,18
LIQUID,71,12,17
LIQUID,71,13,16
LIQUID,71,14,15
LIQUID,71,15,14
LIQUID,71,16,13
LIQUID,71,17,12
LIQUID,71,18,11
LIQUID,71,19,10
LIQUID,71,20,9
LIQUID,71,21,8
LIQUID,71,22,7
LIQUID,71,23,6
LIQUID,71,24,5
LIQUID,71,25,4
LIQUID,71,26,3
LIQUID,71,27,2
LIQUID,71,28,1
LIQUID,71,29,0
LIQUID,70,0,30
LIQUID,70,1,29
LIQUID,70,2,28
LIQUID,70,3,27
LIQUID,70,4,26
LIQUID,70,5,25
LIQUID,70,6,24
LIQUID,70,7,23
LIQUID,70,8,22
LIQUID,70,9,21
LIQUID,70,10,20
LIQUID,70,11,19
LIQUID,70,12,18
LIQUID,70,13,17
LIQUID,70,14,16
LIQUID,70,15,15
LIQUID,70,16,14
LIQUID,70,17,13
LIQUID,70,18,12
LIQUID,70,19,11
LIQUID,70,20,10
LIQUID,70,21,9
LIQUID,70,22,8
LIQUID,70,23,7
LIQUID,70,24,6
LIQUID,70,25,5
LIQUID,70,26,4
LIQUID,70,27,3
LIQUID,70,28,2
LIQUID,70,29,1
LIQUID,70,30,0
LIQUID,69,0,31
LIQUID,69,1,30
LIQUID,69,2,29
LIQUID,69,3,28
LIQUID,69,4,27
LIQUID,69,5,26
LIQUID,69,6,25
LIQUID,69,7,24
LIQUID,69,8,23
LIQUID,69,9,22
LIQUID,69,10,21
LIQUID,69,11,20
LIQUID,69,12,19
LIQUID,69,13,18
LIQUID,69,14,17
LIQUID,69,15,16
LIQUID,69,16,15
LIQUID,69,17,14
LIQUID,69,18,13
LIQUID,69,19,12
LIQUID,69,20,11
LIQUID,69,21,10
LIQUID,69,22,9
LIQUID,69,23,8
LIQUID,69,24,7
LIQUID,69,25,6
LIQUID,69,26,5
LIQUID,69,27,4
LIQUID,69,28,3
LIQUID,69,29,2
LIQUID,69,30,1
LIQUID,69,31,0
LIQUID,68,0,32
LIQUID,68,1,31
LIQUID,68,2,30
LIQUID,68,3,29
LIQUID,68,4,28
LIQUID,68,5,27
LIQUID,68,6,26
LIQUID,68,7,25
LIQUID,68,8,24
LIQUID,68,9,23
LIQUID,68,10,22
LIQUID,68,11,21
LIQUID,68,12,20
LIQUID,68,13,19
LIQUID,68,14,18
LIQUID,68,15,17
LIQUID,68,16,16
LIQUID,68,17,15
LIQUID,68,18,14
LIQUID,68,19,13
LIQUID,68,20,12
LIQUID,68,21,11
LIQUID,68,22,10
LIQUID,68,23,9
LIQUID,68,24,8
LIQUID,68,25,7
LIQUID,68,26,6
LIQUID,68,27,5
LIQUID,68,28,4
LIQUID,68,29,3
LIQUID,68,30,2
LIQUID,68,31,1
LIQUID,68,32,0
LIQUID,67,0,33
LIQUID,67,1,32
LIQUID,67,2,31
LIQUID,67,3,30
LIQUID,67,4,29
LIQUID,67,5,28
LIQUID,67,6,27
LIQUID,67,7,26
LIQUID,67,8,25
LIQUID,67,9,24
LIQUID,67,10,23
LIQUID,67,11,22
LIQUID,67,12,21
LIQUID,67,13,20
LIQUID,67,14,19
LIQUID,67,15,18
LIQUID,67,16,17
LIQUID,67,17,16
LIQUID,67,18,15
LIQUID,67,19,14
LIQUID,67,20,13
LIQUID,67,21,12
LIQUID,67,22,11
LIQUID,67,23,10
LIQUID,67,24,9
LIQUID,67,25,8
LIQUID,67,26,7
LIQUID,67,27,6
LIQUID,67,28,5
LIQUID,67,29,4
LIQUID,67,30,3
LIQUID,67,31,2
LIQUID,67,32,1
LIQUID,67,33,0
LIQUID,66,0,34
LIQUID,66,1,33
LIQUID,66,2,32
LIQUID,66,3,31
LIQUID,66,4,30
LIQUID,66,5,29
LIQUID,66,6,28
LIQUID,66,7,27
LIQUID,66,8,26
LIQUID,66,9,25
LIQUID,66,10,24
LIQUID,66,11,23
LIQUID,66,12,22
LIQUID,66,13,21
LIQUID,66,14,20
LIQUID,66,15,19
LIQUID,66,16,18
LIQUID,66,17,17
LIQUID,66,18,16
LIQUID,66,19,15
LIQUID,66,20,14
LIQUID,66,21,13
LIQUID,66,22,12
LIQUID,66,23,11
LIQUID,66,24,10
LIQUID,66,25,9
LIQUID,66,26,8
LIQUID,66,27,7
LIQUID,66,28,6
LIQUID,66,29,5
LIQUID,66,30,4
LIQUID,66,31,3
LIQUID,66,32,2
LIQUID,66,33,1
LIQUID,66,34,0
LIQUID,65,0,35
LIQUID,65,1,34
LIQUID,65,2,33
LIQUID,65,3,32
LIQUID,65,4,31
LIQUID,65,5,30
LIQUID,65,6,29
LIQUID,65,7,28
LIQUID,65,8,27
LIQUID,65,9,26
LIQUID,65,10,25
LIQUID,65,11,24
LIQUID,65,12,23
LIQUID,65,13,22
LIQUID,65,14,21
LIQUID,65,15,20
LIQUID,65,16,19
LIQUID,65,17,18
LIQUID,65,18,17
LIQUID,65,19,16
LIQUID,65,20,15
LIQUID,65,21,14
LIQUID,65,22,13
LIQUID,65,23,12
LIQUID,65,24,11
LIQUID,65,25,10
LIQUID,65,26,9
LIQUID,65,27,8
LIQUID,65,28,7
LIQUID,65,29,6
LIQUID,65,30,5
LIQUID,65,31,4
LIQUID,65,32,3
LIQUID,65,33,2
LIQUID,65,34,1
LIQUID,65,35,0
LIQUID,64,0,36
LIQUID,64,1,35
LIQUID,64,2,34
LIQUID,64,3,33
LIQUID,64,4,32
LIQUID,64,5,31
LIQUID,64,6,30
LIQUID,64,7,29
LIQUID,64,8,28
LIQUID,64,9,27
LIQUID,64,10,26
LIQUID,64,11,25
LIQUID,64,12,24
LIQUID,64,13,23
LIQUID,64,14,22
LIQUID,64,15,21
LIQUID,64,16,20
LIQUID,64,17,19
LIQUID,64,18,18
LIQUID,64,19,17
LIQUID,64,20,16
LIQUID,64,21,15
LIQUID,64,22,14
LIQUID,64,23,13
LIQUID,64,24,12
LIQUID,64,25,11
LIQUID,64,26,10
LIQUID,64,27,9
LIQUID,64,28,8
LIQUID,64,29,7
LIQUID,64,30,6
LIQUID,64,31,5
LIQUID,64,32,4
LIQUID,64,33,3
LIQUID,64,34,2
LIQUID,64,35,1
LIQUID,64,36,0
LIQUID,63,0,37
LIQUID,63,1,36
LIQUID,63,2,35
LIQUID,63,3,34
LIQUID,63,4,33
LIQUID,63,5,32
LIQUID,63,6,31
LIQUID,63,7,30
LIQUID,63,8,29
LIQUID,63,9,28
LIQUID,63,10,27
LIQUID,63,11,26
LIQUID,63,12,25
LIQUID,63,13,24
LIQUID,63,14,23
LIQUID,63,15,22
LIQUID,63,16,21
LIQUID,63,17,20
LIQUID,63,18,19
LIQUID,63,19,18
LIQUID,63,20,17
LIQUID,63,21,16
LIQUID,63,22,15
LIQUID,63,23,14
LIQUID,63,24,13
LIQUID,63,25,12
LIQUID,63,26,11
LIQUID,63,27,10
LIQUID,63,28,9
LIQUID,63,29,8
LIQUID,63,30,7
LIQUID,63,31,6
LIQUID,63,32,5
LIQUID,63,33,4
LIQUID,63,34,3
LIQUID,63,35,2
LIQUID,63,36,1
LIQUID,63,37,0
LIQUID,62,0,38
LIQUID,62,1,37
LIQUID,62,2,36
LIQUID,62,3,35
LIQUID,62,4,34
LIQUID,62,5,33
LIQUID,62,6,32
LIQUID,62,7,31
LIQUID,62,8,30
LIQUID,62,9,29
LIQUID,62,10,28
LIQUID,62,11,27
LIQUID,62,12,26
LIQUID,62,13,25
LIQUID,62,14,24
LIQUID,62,15,23
LIQUID,62,16,22
LIQUID,62,17,21
LIQUID,62,18,20
LIQUID,62,19,19
LIQUID,62,20,18
LIQUID,62,21,17
LIQUID,62,22,16
LIQUID,62,23,15
LIQUID,62,24,14
LIQUID,62,25,13
LIQUID,62,26,12
LIQUID,62,27,11
LIQUID,62,28,10
LIQUID,62,29,9
LIQUID,62,30,8
LIQUID,62,31,7
LIQUID,62,32,6
LIQUID,62,33,5
LIQUID,62,34,4
LIQUID,62,35,3
LIQUID,62,36,2
LIQUID,62,37,1
LIQUID,62,38,0
LIQUID,61,0,39
LIQUID,61,1,38
LIQUID,61,2,37
LIQUID,61,3,36
LIQUID,61,4,35
LIQUID,61,5,34
LIQUID,61,6,33
LIQUID,61,7,32
LIQUID,61,8,31
LIQUID,61,9,30
LIQUID,61,10,29
LIQUID,61,11,28
LIQUID,61,12,27
LIQUID,61,13,26
LIQUID,61,14,25
LIQUID,61,15,24
LIQUID,61,16,23
LIQUID,61,17,22
LIQUID,61,18,21
LIQUID,61,19,20
LIQUID,61,20,19
LIQUID,61,21,18
LIQUID,61,22,17
LIQUID,61,23,16
LIQUID,61,24,15
LIQUID,61,25,14
LIQUID,61,26,13
LIQUID,61,27,12
LIQUID,61,28,11
LIQUID,61,29,10
LIQUID,61,30,9
LIQUID,61,31,8
LIQUID,61,32,7
LIQUID,61,33,6
LIQUID,61,34,5
LIQUID,61,35,4
LIQUID,61,36,3
LIQUID,61,37,2
LIQUID,61,38,1
LIQUID,61,39,0
LIQUID,60,0,40
LIQUID,60,1,39
LIQUID,60,2,38
LIQUID,60,3,37
LIQUID,60,4,36
LIQUID,60,5,35
LIQUID,60,6,34
LIQUID,60,7,33
LIQUID,60,8,32
LIQUID,60,9,31
LIQUID,60,10,30
LIQUID,60,11,29
LIQUID,60,12,28
LIQUID,60,13,27
LIQUID,60,14,26
LIQUID,60,15,25
LIQUID,60,16,24
LIQUID,60,17,23
LIQUID,60,18,22
LIQUID,60,19,21
LIQUID,60,20,20
LIQUID,60,21,19
LIQUID,60,22,18
LIQUID,60,23,17
LIQUID,60,24,16
LIQUID,60,25,15
LIQUID,60,26,14
LIQUID,60,27,13
LIQUID,60,28,12
LIQUID,60,29,11
LIQUID,60,30,10
LIQUID,60,31,9
LIQUID,60,32,8
LIQUID,60,33,7
LIQUID,60,34,6
LIQUID,60,35,5
LIQUID,60,36,4
LIQUID,60,37,3
LIQUID,60,38,2
LIQUID,60,39,1
LIQUID,60,40,0
LIQUID,59,0,41
LIQUID,59,1,40
LIQUID,59,2,39
LIQUID,59,3,38
LIQUID,59,4,37
LIQUID,59,5,36
LIQUID,59,6,35
LIQUID,59,7,34
LIQUID,59,8,33
LIQUID,59,9,32
LIQUID,59,10,31
LIQUID,59,11,30
LIQUID,59,12,29
LIQUID,59,13,28
LIQUID,59,14,27
LIQUID,59,15,26
LIQUID,59,16,25
LIQUID,59,17,24
LIQUID,59,18,23
LIQUID,59,19,22
LIQUID,59,20,21
LIQUID,59,21,20
LIQUID,59,22,19
LIQUID,59,23,18
LIQUID,59,24,17
LIQUID,59,25,16
LIQUID,59,26,15
LIQUID,59,27,14
LIQUID,59,28,13
LIQUID,59,29,12
LIQUID,59,30,11
LIQUID,59,31,10
LIQUID,59,32,9
LIQUID,59,33,8
LIQUID,59,34,7
LIQUID,59,35,6
LIQUID,59,36,5
LIQUID,59,37,4
LIQUID,59,38,3
LIQUID,59,39,2
LIQUID,59,40,1
LIQUID,59,41,0
LIQUID,58,0,42
LIQUID,58,1,41
LIQUID,58,2,40
LIQUID,58,3,39
LIQUID,58,4,38
LIQUID,58,5,37
LIQUID,58,6,36
LIQUID,58,7,35
LIQUID,58,8,34
LIQUID,58,9,33
LIQUID,58,10,32
LIQUID,58,11,31
LIQUID,58,12,30
LIQUID,58,13,29
LIQUID,58,14,28
LIQUID,58,15,27
LIQUID,58,16,26
LIQUID,58,17,25
LIQUID,58,18,24
LIQUID,58,19,23
LIQUID,58,20,22
LIQUID,58,21,21
LIQUID,58,22,20
LIQUID,58,23,19
LIQUID,58,24,18
LIQUID,58,25,17
LIQUID,58,26,16
LIQUID,58,27,15
LIQUID,58,28,14
LIQUID,58,29,13
LIQUID,58,30,12
LIQUID,58,31,11
LIQUID,58,32,10
LIQUID,58,33,9
LIQUID,58,34,8
LIQUID,58,35,7
LIQUID,58,36,6
LIQUID,58,37,5
LIQUID,58,38,4
LIQUID,58,39,3
LIQUID,58,40,2
LIQUID,58,41,1
LIQUID,58,42,0
LIQUID,57,0,43
LIQUID,57,1,42
LIQUID,57,2,41
LIQUID,57,3,40
LIQUID,57,4,39
LIQUID,57,5,38
LIQUID,57,6,37
LIQUID,57,7,36
LIQUID,57,8,35
LIQUID,57,9,34
LIQUID,57,10,33
LIQUID,57,11,32
LIQUID,57,12,31
LIQUID,57,13,30
LIQUID,57,14,29
LIQUID,57,15,28
LIQUID,57,16,27
LIQUID,57,17,26
LIQUID,57,18,25
LIQUID,57,19,24
LIQUID,57,20,23
LIQUID,57,21,22
LIQUID,57,22,21
LIQUID,57,23,20
LIQUID,57,24,19
LIQUID,57,25,18
LIQUID,57,26,17
LIQUID,57,27,16
LIQUID,57,28,15
LIQUID,57,29,14
LIQUID,57,30,13
LIQUID,57,31,12
LIQUID,57,32,11
LIQUID,57,33,10
LIQUID,57,34,9
LIQUID,57,35,8
LIQUID,57,36,7
LIQUID,57,37,6
LIQUID,57,38,5
LIQUID,57,39,4
LIQUID,57,40,3
LIQUID,57,41,2
LIQUID,57,42,1
LIQUID,57,43,0
LIQUID,56,0,44
LIQUID,56,1,43
LIQUID,56,2,42
LIQUID,56,3,41
LIQUID,56,4,40
LIQUID,56,5,39
LIQUID,56,6,38
LIQUID,56,7,37
LIQUID,56,8,36
LIQUID,56,9,35
LIQUID,56,10,34
LIQUID,56,11,33
LIQUID,56,12,32
LIQUID,56,13,31
LIQUID,56,14,30
LIQUID,56,15,29
LIQUID,56,16,28
LIQUID,56,17,27
LIQUID,56,18,26
LIQUID,56,19,25
LIQUID,56,20,24
LIQUID,56,21,23
LIQUID,56,22,22
LIQUID,56,23,21
LIQUID,56,24,20
LIQUID,56,25,19
LIQUID,56,26,18
LIQUID,56,27,17
LIQUID,56,28,16
LIQUID,56,29,15
LIQUID,56,30,14
LIQUID,56,31,13
LIQUID,56,32,12
LIQUID,56,33,11
LIQUID,56,34,10
LIQUID,56,35,9
LIQUID,56,36,8
LIQUID,56,37,7
LIQUID,56,38,6
LIQUID,56,39,5
LIQUID,56,40,4
LIQUID,56,41,3
LIQUID,56,42,2
LIQUID,56,43,1
LIQUID,56,44,0
LIQUID,55,0,45
LIQUID,55,1,44
LIQUID,55,2,43
LIQUID,55,3,42
LIQUID,55,4,41
LIQUID,55,5,40
LIQUID,55,6,39
LIQUID,55,7,38
LIQUID,55,8,37
LIQUID,55,9,36
LIQUID,55,10,35
LIQUID,55,11,34
LIQUID,55,12,33
LIQUID,55,13,32
LIQUID,55,14,31
LIQUID,55,15,30
LIQUID,55,16,29
LIQUID,55,17,28
LIQUID,55,18,27
LIQUID,55,19,26
LIQUID,55,20,25
LIQUID,55,21,24
LIQUID,55,22,23
LIQUID,55,23,22
LIQUID,55,24,21
LIQUID,55,25,20
LIQUID,55,26,19
LIQUID,55,27,18
LIQUID,55,28,17
LIQUID,55,29,16
LIQUID,55,30,15
LIQUID,55,31,14
LIQUID,55,32,13
LIQUID,55,33,12
LIQUID,55,34,11
LIQUID,55,35,10
LIQUID,55,36,9
LIQUID,55,37,8
LIQUID,55,38,7
LIQUID,55,39,6
LIQUID,55,40,5
LIQUID,55,41,4
LIQUID,55,42,3
LIQUID,55,43,2
LIQUID,55,44,1
LIQUID,55,45,0
LIQUID,54,0,46
LIQUID,54,1,45
LIQUID,54,2,44
LIQUID,54,3,43
LIQUID,54,4,42
LIQUID,54,5,41
LIQUID,54,6,40
LIQUID,54,7,39
LIQUID,54,8,38
LIQUID,54,9,37
LIQUID,54,10,36
LIQUID,54,11,35
LIQUID,54,12,34
LIQUID,54,13,33
LIQUID,54,14,32
LIQUID,54,15,31
LIQUID,54,16,30
LIQUID,54,17,29
LIQUID,54,18,28
LIQUID,54,19,27
LIQUID,54,20,26
LIQUID,54,21,25
LIQUID,54,22,24
LIQUID,54,23,23
LIQUID,54,24,22
LIQUID,54,25,21
LIQUID,54,26,20
LIQUID,54,27,19
LIQUID,54,28,18
LIQUID,54,29,17
LIQUID,54,30,16
LIQUID,54,31,15
LIQUID,54,32,14
LIQUID,54,33,13
LIQUID,54,34,12
LIQUID,54,35,11
LIQUID,54,36,10
LIQUID,54,37,9
LIQUID,54,38,8
LIQUID,54,39,7
LIQUID,54,40,6
LIQUID,54,41,5
LIQUID,54,42,4
LIQUID,54,43,3
LIQUID,54,44,2
LIQUID,54,45,1
LIQUID,54,46,0
LIQUID,53,0,47
LIQUID,53,1,46
LIQUID,53,2,45
LIQUID,53,3,44
LIQUID,53,4,43
LIQUID,53,5,42
LIQUID,53,6,41
LIQUID,53,7,40
LIQUID,53,8,39
LIQUID,53,9,38
LIQUID,53,10,37
LIQUID,53,11,36
LIQUID,53,12,35
LIQUID,53,13,34
LIQUID,53,14,33
LIQUID,53,15,32
LIQUID,53,16,31
LIQUID,53,17,30
LIQUID,53,18,29
LIQUID,53,19,28
LIQUID,53,20,27
LIQUID,53,21,26
LIQUID,53,22,25
LIQUID,53,23,24
LIQUID,53,24,23
LIQUID,53,25,22
LIQUID,53,26,21
LIQUID,53,27,20
LIQUID,53,28,19
LIQUID,53,29,18
LIQUID,53,30,17
LIQUID,53,31,16
LIQUID,53,32,15
LIQUID,53,33,14
LIQUID,53,34,13
LIQUID,53,35,12
LIQUID,53,36,11
LIQUID,53,37,10
LIQUID,53,38,9
LIQUID,53,39,8
LIQUID,53,40,7
LIQUID,53,41,6
LIQUID,53,42,5
LIQUID,53,43,4
LIQUID,53,44,3
LIQUID,53,45,2
LIQUID,53,46,1
LIQUID,53,47,0
LIQUID,52,0,48
LIQUID,52,1,47
LIQUID,52,2,46
LIQUID,52,3,45
LIQUID,52,4,44
LIQUID,52,5,43
LIQUID,52,6,42
LIQUID,52,7,41
LIQUID,52,8,40
LIQUID,52,9,39
LIQUID,52,10,38
LIQUID,52,11,37
LIQUID,52,12,36
LIQUID,52,13,35
LIQUID,52,14,34
LIQUID,52,15,33
LIQUID,52,16,32
LIQUID,52,17,31
LIQUID,52,18,30
LIQUID,52,19,29
LIQUID,52,20,28
LIQUID,52,21,27
LIQUID,52,22,26
LIQUID,52,23,25
LIQUID,52,24,24
LIQUID,52,25,23
LIQUID,52,26,22
LIQUID,52,27,21
LIQUID,52,28,20
LIQUID,52,29,19
LIQUID,52,30,18
LIQUID,52,31,17
LIQUID,52,32,16
LIQUID,52,33,15
LIQUID,52,34,14
LIQUID,52,35,13
LIQUID,52,36,12
LIQUID,52,37,11
LIQUID,52,38,10
LIQUID,52,39,9
LIQUID,52,40,8
LIQUID,52,41,7
LIQUID,52,42,6
LIQUID,52,43,5
LIQUID,52,44,4
LIQUID,52,45,3
LIQUID,52,46,2
LIQUID,52,47,1
LIQUID,52,48,0
LIQUID,51,0,49
LIQUID,51,1,48
LIQUID,51,2,47
LIQUID,51,3,46
LIQUID,51,4,45
LIQUID,51,5,44
LIQUID,51,6,43
LIQUID,51,7,42
LIQUID,51,8,41
LIQUID,51,9,40
LIQUID,51,10,39
LIQUID,51,11,38
LIQUID,51,12,37
LIQUID,51,13,36
LIQUID,51,14,35
LIQUID,51,15,34
LIQUID,51,16,33
LIQUID,51,17,32
LIQUID,51,18,31
LIQUID,51,19,30
LIQUID,51,20,29
LIQUID,51,21,28
LIQUID,51,22,27
LIQUID,51,23,26
LIQUID,51,24,25
LIQUID,51,25,24
LIQUID,51,26,23
LIQUID,51,27,22
LIQUID,51,28,21
LIQUID,51,29,20
LIQUID,51,30,19
LIQUID,51,31,18
LIQUID,51,32,17
LIQUID,51,33,16
LIQUID,51,34,15
LIQUID,51,35,14
LIQUID,51,36,13
LIQUID,51,37,12
LIQUID,51,38,11
LIQUID,51,39,10
LIQUID,51,40,9
LIQUID,51,41,8
LIQUID,51,42,7
LIQUID,51,43,6
LIQUID,51,44,5
LIQUID,51,45,4
LIQUID,51,46,3
LIQUID,51,47,2
LIQUID,51,48,1
LIQUID,51,49,0
LIQUID,50,0,50
LIQUID,50,1,49
LIQUID,50,2,48
LIQUID,50,3,47
LIQUID,50,4,46
LIQUID,50,5,45
LIQUID,50,6,44
LIQUID,50,7,43
LIQUID,50,8,42
LIQUID,50,9,41
LIQUID,50,10,40
LIQUID,50,11,39
LIQUID,50,12,38
LIQUID,50,13,37
LIQUID,50,14,36
LIQUID,50,15,35
LIQUID,50,16,34
LIQUID,50,17,33
LIQUID,50,18,32
LIQUID,50,19,31
LIQUID,50,20,30
LIQUID,50,21,29
LIQUID,50,22,28
LIQUID,50,23,27
LIQUID,50,24,26
LIQUID,50,25,25
LIQUID,50,26,24
LIQUID,50,27,23
LIQUID,50,28,22
LIQUID,50,29,21
LIQUID,50,30,20
LIQUID,50,31,19
LIQUID,50,32,18
LIQUID,50,33,17
LIQUID,50,34,16
LIQUID,50,35,15
LIQUID,50,36,14
LIQUID,50,37,13
LIQUID,50,38,12
LIQUID,50,39,11
LIQUID,50,40,10
LIQUID,50,41,9
LIQUID,50,42,8
LIQUID,50,43,7
LIQUID,50,44,6
LIQUID,50,45,5
LIQUID,50,46,4
LIQUID,50,47,3
LIQUID,50,48,2
LIQUID,50,49,1
LIQUID,50,50,0
LIQUID,49,0,51
LIQUID,49,1,50
LIQUID,49,2,49
LIQUID,49,3,48
LIQUID,49,4,47
LIQUID,49,5,46
LIQUID,49,6,45
LIQUID,49,7,44
LIQUID,49,8,43
LIQUID,49,9,42
LIQUID,49,10,41
LIQUID,49,11,40
LIQUID,49,12,39
LIQUID,49,13,38
LIQUID,49,14,37
LIQUID,49,15,36
LIQUID,49,16,35
LIQUID,49,17,34
LIQUID,49,18,33
LIQUID,49,19,32
LIQUID,49,20,31
LIQUID,49,21,30
LIQUID,49,22,29
LIQUID,49,23,28
LIQUID,49,24,27
LIQUID,49,25,26
LIQUID,49,26,25
LIQUID,49,27,24
LIQUID,49,28,23
LIQUID,49,29,22
LIQUID,49,30,21
LIQUID,49,31,20
LIQUID,49,32,19
LIQUID,49,33,18
LIQUID,49,34,17
LIQUID,49,35,16
LIQUID,49,36,15
LIQUID,49,37,14
LIQUID,49,38,13
LIQUID,49,39,12
LIQUID,49,40,11
LIQUID,49,41,10
LIQUID,49,42,9
LIQUID,49,43,8
LIQUID,49,44,7
LIQUID,49,45,6
LIQUID,49,46,5
LIQUID,49,47,4
LIQUID,49,48,3
LIQUID,49,49,2
LIQUID,49,50,1
LIQUID,49,51,0
LIQUID,48,0,52
LIQUID,48,1,51
LIQUID,48,2,50
LIQUID,48,3,49
LIQUID,48,4,48
LIQUID,48,5,47
LIQUID,48,6,46
LIQUID,48,7,45
LIQUID,48,8,44
LIQUID,48,9,43
LIQUID,48,10,42
LIQUID,48,11,41
LIQUID,48,12,40
LIQUID,48,13,39
LIQUID,48,14,38
LIQUID,48,15,37
LIQUID,48,16,36
LIQUID,48,17,35
LIQUID,48,18,34
LIQUID,48,19,33
LIQUID,48,20,32
LIQUID,48,21,31
LIQUID,48,22,30
LIQUID,48,23,29
LIQUID,48,24,28
LIQUID,48,25,27
LIQUID,48,26,26
LIQUID,48,27,25
LIQUID,48,28,24
LIQUID,48,29,23
LIQUID,48,30,22
LIQUID,48,31,21
LIQUID,48,32,20
LIQUID,48,33,19
LIQUID,48,34,18
LIQUID,48,35,17
LIQUID,48,36,16
LIQUID,48,37,15
LIQUID,48,38,14
LIQUID,48,39,13
LIQUID,48,40,12
LIQUID,48,41,11
LIQUID,48,42,10
LIQUID,48,43,9
LIQUID,48,44,8
LIQUID,48,45,7
LIQUID,48,46,6
LIQUID,48,47,5
LIQUID,48,48,4
LIQUID,48,49,3
LIQUID,48,50,2
LIQUID,48,51,1
LIQUID,48,52,0
LIQUID,47,0,53
LIQUID,47,1,52
LIQUID,47,2,51
LIQUID,47,3,50
LIQUID,47,4,49
LIQUID,47,5,48
LIQUID,47,6,47
LIQUID,47,7,46
LIQUID,47,8,45
LIQUID,47,9,44
LIQUID,47,10,43
LIQUID,47,11,42
LIQUID,47,12,41
LIQUID,47,13,40
LIQUID,47,14,39
LIQUID,47,15,38
LIQUID,47,16,37
LIQUID,47,17,36
LIQUID,47,18,35
LIQUID,47,19,34
LIQUID,47,20,33
LIQUID,47,21,32
LIQUID,47,22,31
LIQUID,47,23,30
LIQUID,47,24,29
LIQUID,47,25,28
LIQUID,47,26,27
LIQUID,47,27,26
LIQUID,47,28,25
LIQUID,47,29,24
LIQUID,47,30,23
LIQUID,47,31,22
LIQUID,47,32,21
LIQUID,47,33,20
LIQUID,47,34,19
LIQUID,47,35,18
LIQUID,47,36,17
LIQUID,47,37,16
LIQUID,47,38,15
LIQUID,47,39,14
LIQUID,47,40,13
LIQUID,47,41,12
LIQUID,47,42,11
LIQUID,47,43,10
LIQUID,47,44,9
LIQUID,47,45,8
LIQUID,47,46,7
LIQUID,47,47,6
LIQUID,47,48,5
LIQUID,47,49,4
LIQUID,47,50,3
LIQUID,47,51,2
LIQUID,47,52,1
LIQUID,47,53,0
LIQUID,46,0,54
LIQUID,46,1,53
LIQUID,46,2,52
LIQUID,46,3,51
LIQUID,46,4,50
LIQUID,46,5,49
LIQUID,46,6,48
LIQUID,46,7,47
LIQUID,46,8,46
LIQUID,46,9,45
LIQUID,46,10,44
LIQUID,46,11,43
LIQUID,46,12,42
LIQUID,46,13,41
LIQUID,46,14,40
LIQUID,46,15,39
LIQUID,46,16,38
LIQUID,46,17,37
LIQUID,46,18,36
LIQUID,46,19,35
LIQUID,46,20,34
LIQUID,46,21,33
LIQUID,46,22,32
LIQUID,46,23,31
LIQUID,46,24,30
LIQUID,46,25,29
LIQUID,46,26,28
LIQUID,46,27,27
LIQUID,46,28,26
LIQUID,46,29,25
LIQUID,46,30,24
LIQUID,46,31,23
LIQUID,46,32,22
LIQUID,46,33,21
LIQUID,46,34,20
LIQUID,46,35,19
LIQUID,46,36,18
LIQUID,46,37,17
LIQUID,46,38,16
LIQUID,46,39,15
LIQUID,46,40,14
LIQUID,46,41,13
LIQUID,46,42,12
LIQUID,46,43,11
LIQUID,46,44,10
LIQUID,46,45,9
LIQUID,46,46,8
LIQUID,46,47,7
LIQUID,46,48,6
LIQUID,46,49,5
LIQUID,46,50,4
LIQUID,46,51,3
LIQUID,46,52,2
LIQUID,46,53,1
LIQUID,46,54,0
LIQUID,45,0,55
LIQUID,45,1,54
LIQUID,45,2,53
LIQUID,45,3,52
LIQUID,45,4,51
LIQUID,45,5,50
LIQUID,45,6,49
LIQUID,45,7,48
LIQUID,45,8,47
LIQUID,45,9,46
LIQUID,45,10,45
LIQUID,45,11,44
LIQUID,45,12,43
LIQUID,45,13,42
LIQUID,45,14,41
LIQUID,45,15,40
LIQUID,45,16,39
LIQUID,45,17,38
LIQUID,45,18,37
LIQUID,45,19,36
LIQUID,45,20,35
LIQUID,45,21,34
LIQUID,45,22,33
LIQUID,45,23,32
LIQUID,45,24,31
LIQUID,45,25,30
LIQUID,45,26,29
LIQUID,45,27,28
LIQUID,45,28,27
LIQUID,45,29,26
LIQUID,45,30,25
LIQUID,45,31,24
LIQUID,45,32,23
LIQUID,45,33,22
LIQUID,45,34,21
LIQUID,45,35,20
LIQUID,45,36,19
LIQUID,45,37,18
LIQUID,45,38,17
LIQUID,45,39,16
LIQUID,45,40,15
LIQUID,45,41,14
LIQUID,45,42,13
LIQUID,45,43,12
LIQUID,45,44,11
LIQUID,45,45,10
LIQUID,45,46,9
LIQUID,45,47,8
LIQUID,45,48,7
LIQUID,45,49,6
LIQUID,45,50,5
LIQUID,45,51,4
LIQUID,45,52,3
LIQUID,45,53,2
LIQUID,45,54,1
LIQUID,45,55,0
LIQUID,44,0,56
LIQUID,44,1,55
LIQUID,44,2,54
LIQUID,44,3,53
LIQUID,44,4,52
LIQUID,44,5,51
LIQUID,44,6,50
LIQUID,44,7,49
LIQUID,44,8,48
LIQUID,44,9,47
LIQUID,44,10,46
LIQUID,44,11,45
LIQUID,44,12,44
LIQUID,44,13,43
LIQUID,44,14,42
LIQUID,44,15,41
LIQUID,44,16,40
LIQUID,44,17,39
LIQUID,44,18,38
LIQUID,44,19,37
LIQUID,44,20,36
LIQUID,44,21,35
LIQUID,44,22,34
LIQUID,44,23,33
LIQUID,44,24,32
LIQUID,44,25,31
LIQUID,44,26,30
LIQUID,44,27,29
LIQUID,44,28,28
LIQUID,44,29,27
LIQUID,44,30,26
LIQUID,44,31,25
LIQUID,44,32,24
LIQUID,44,33,23
LIQUID,44,34,22
LIQUID,44,35,21
LIQUID,44,36,20
LIQUID,44,37,19
LIQUID,44,38,18
LIQUID,44,39,17
LIQUID,44,40,16
LIQUID,44,41,15
LIQUID,44,42,14
LIQUID,44,43,13
LIQUID,44,44,12
LIQUID,44,45,11
LIQUID,44,46,10
LIQUID,44,47,9
LIQUID,44,48,8
LIQUID,44,49,7
LIQUID,44,50,6
LIQUID,44,51,5
LIQUID,44,52,4
LIQUID,44,53,3
LIQUID,44,54,2
LIQUID,44,55,1
LIQUID,44,56,0
LIQUID,43,0,57
LIQUID,43,1,56
LIQUID,43,2,55
LIQUID,43,3,54
LIQUID,43,4,53
LIQUID,43,5,52
LIQUID,43,6,51
LIQUID,43,7,50
LIQUID,43,8,49
LIQUID,43,9,48
LIQUID,43,10,47
LIQUID,43,11,46
LIQUID,43,12,45
LIQUID,43,13,44
LIQUID,43,14,43
LIQUID,43,15,42
LIQUID,43,16,41
LIQUID,43,17,40
LIQUID,43,18,39
LIQUID,43,19,38
LIQUID,43,20,37
LIQUID,43,21,36
LIQUID,43,22,35
LIQUID,43,23,34
LIQUID,43,24,33
LIQUID,43,25,32
LIQUID,43,26,31
LIQUID,43,27,30
LIQUID,43,28,29
LIQUID,43,29,28
LIQUID,43,30,27
LIQUID,43,31,26
LIQUID,43,32,25
LIQUID,43,33,24
LIQUID,43,34,23
LIQUID,43,35,22
LIQUID,43,36,21
LIQUID,43,37,20
LIQUID,43,38,19
LIQUID,43,39,18
LIQUID,43,40,17
LIQUID,43,41,16
LIQUID,43,42,15
LIQUID,43,43,14
LIQUID,43,44,13
LIQUID,43,45,12
LIQUID,43,46,11
LIQUID,43,47,10
LIQUID,43,48,9
LIQUID,43,49,8
LIQUID,43,50,7
LIQUID,43,51,6
LIQUID,43,52,5
LIQUID,43,53,4
LIQUID,43,54,3
LIQUID,43,55,2
LIQUID,43,56,1
LIQUID,43,57,0
LIQUID,42,0,58
LIQUID,42,1,57
LIQUID,42,2,56
LIQUID,42,3,55
LIQUID,42,4,54
LIQUID,42,5,53
LIQUID,42,6,52
LIQUID,42,7,51
LIQUID,42,8,50
LIQUID,42,9,49
LIQUID,42,10,48
LIQUID,42,11,47
LIQUID,42,12,46
LIQUID,42,13,45
LIQUID,42,14,44
LIQUID,42,15,43
LIQUID,42,16,42
LIQUID,42,17,41
LIQUID,42,18,40
LIQUID,42,19,39
LIQUID,42,20,38
LIQUID,42,21,37
LIQUID,42,22,36
LIQUID,42,23,35
LIQUID,42,24,34
LIQUID,42,25,33
LIQUID,42,26,32
LIQUID,42,27,31
LIQUID,42,28,30
LIQUID,42,29,29
LIQUID,42,30,28
LIQUID,42,31,27
LIQUID,42,32,26
LIQUID,42,33,25
LIQUID,42,34,24
LIQUID,42,35,23
LIQUID,42,36,22
LIQUID,42,37,21
LIQUID,42,38,20
LIQUID,42,39,19
LIQUID,42,40,18
LIQUID,42,41,17
LIQUID,42,42,16
LIQUID,42,43,15
LIQUID,42,44,14
LIQUID,42,45,13
LIQUID,42,46,12
LIQUID,42,47,11
LIQUID,42,48,10
LIQUID,42,49,9
LIQUID,42,50,8
LIQUID,42,51,7
LIQUID,42,52,6
LIQUID,42,53,5
LIQUID,42,54,4
LIQUID,42,55,3
LIQUID,42,56,2
LIQUID,42,57,1
LIQUID,42,58,0
LIQUID,41,0,59
LIQUID,41,1,58
LIQUID,41,2,57
LIQUID,41,3,56
LIQUID,41,4,55
LIQUID,41,5,54
LIQUID,41,6,53
LIQUID,41,7,52
LIQUID,41,8,51
LIQUID,41,9,50
LIQUID,41,10,49
LIQUID,41,11,48
LIQUID,41,12,47
LIQUID,41,13,46
LIQUID,41,14,45
LIQUID,41,15,44
LIQUID,41,16,43
LIQUID,41,17,42
LIQUID,41,18,41
LIQUID,41,19,40
LIQUID,41,20,39
LIQUID,41,21,38
LIQUID,41,22,37
LIQUID,41,23,36
LIQUID,41,24,35
LIQUID,41,25,34
LIQUID,41,26,33
LIQUID,41,27,32
LIQUID,41,28,31
LIQUID,41,29,30
LIQUID,41,30,29
LIQUID,41,31,28
LIQUID,41,32,27
LIQUID,41,33,26
LIQUID,41,34,25
LIQUID,41,35,24
LIQUID,41,36,23
LIQUID,41,37,22
LIQUID,41,38,21
LIQUID,41,39,20
LIQUID,41,40,19
LIQUID,41,41,18
LIQUID,41,42,17
LIQUID,41,43,16
LIQUID,41,44,15
LIQUID,41,45,14
LIQUID,41,46,13
LIQUID,41,47,12
LIQUID,41,48,11
LIQUID,41,49,10
LIQUID,41,50,9
LIQUID,41,51,8
LIQUID,41,52,7
LIQUID,41,53,6
LIQUID,41,54,5
LIQUID,41,55,4
LIQUID,41,56,3
LIQUID,41,57,2
LIQUID,41,58,1
LIQUID,41,59,0
LIQUID,40,0,60
LIQUID,40,1,59
LIQUID,40,2,58
LIQUID,40,3,57
LIQUID,40,4,56
LIQUID,40,5,55
LIQUID,40,6,54
LIQUID,40,7,53
LIQUID,40,8,52
LIQUID,40,9,51
LIQUID,40,10,50
LIQUID,40,11,49
LIQUID,40,12,48
LIQUID,40,13,47
LIQUID,40,14,46
LIQUID,40,15,45
LIQUID,40,16,44
LIQUID,40,17,43
LIQUID,40,18,42
LIQUID,40,19,41
LIQUID,40,20,40
LIQUID,40,21,39
LIQUID,40,22,38
LIQUID,40,23,37
LIQUID,40,24,36
LIQUID,40,25,35
LIQUID,40,26,34
LIQUID,40,27,33
LIQUID,40,28,32
LIQUID,40,29,31
LIQUID,40,30,30
LIQUID,40,31,29
LIQUID,40,32,28
LIQUID,40,33,27
LIQUID,40,34,26
LIQUID,40,35,25
LIQUID,40,36,24
LIQUID,40,37,23
LIQUID,40,38,22
LIQUID,40,39,21
LIQUID,40,40,20
LIQUID,40,41,19
LIQUID,40,42,18
LIQUID,40,43,17
LIQUID,40,44,16
LIQUID,40,45,15
LIQUID,40,46,14
LIQUID,40,47,13
LIQUID,40,48,12
LIQUID,40,49,11
LIQUID,40,50,10
LIQUID,40,51,9
LIQUID,40,52,8
LIQUID,40,53,7
LIQUID,40,54,6
LIQUID,40,55,5
LIQUID,40,56,4
LIQUID,40,57,3
LIQUID,40,58,2
LIQUID,40,59,1
LIQUID,40,60,0
LIQUID,39,0,61
LIQUID,39,1,60
LIQUID,39,2,59
LIQUID,39,3,58
LIQUID,39,4,57
LIQUID,39,5,56
LIQUID,39,6,55
LIQUID,39,7,54
LIQUID,39,8,53
LIQUID,39,9,52
LIQUID,39,10,51
LIQUID,39,11,50
LIQUID,39,12,49
LIQUID,39,13,48
LIQUID,39,14,47
LIQUID,39,15,46
LIQUID,39,16,45
LIQUID,39,17,44
LIQUID,39,18,43
LIQUID,39,19,42
LIQUID,39,20,41
LIQUID,39,21,40
LIQUID,39,22,39
LIQUID,39,23,38
LIQUID,39,24,37
LIQUID,39,25,36
LIQUID,39,26,35
LIQUID,39,27,34
LIQUID,39,28,33
LIQUID,39,29,32
LIQUID,39,30,31
LIQUID,39,31,30
LIQUID,39,32,29
LIQUID,39,33,28
LIQUID,39,34,27
LIQUID,39,35,26
LIQUID,39,36,25
LIQUID,39,37,24
LIQUID,39,38,23
LIQUID,39,39,22
LIQUID,39,40,21
LIQUID,39,41,20
LIQUID,39,42,19
LIQUID,39,43,18
LIQUID,39,44,17
LIQUID,39,45,16
LIQUID,39,46,15
LIQUID,39,47,14
LIQUID,39,48,13
LIQUID,39,49,12
LIQUID,39,50,11
LIQUID,39,51,10
LIQUID,39,52,9
LIQUID,39,53,8
LIQUID,39,54,7
LIQUID,39,55,6
LIQUID,39,56,5
LIQUID,39,57,4
LIQUID,39,58,3
LIQUID,39,59,2
LIQUID,39,60,1
LIQUID,39,61,0
LIQUID,38,0,62
LIQUID,38,1,61
LIQUID,38,2,60
LIQUID,38,3,59
LIQUID,38,4,58
LIQUID,38,5,57
LIQUID,38,6,56
LIQUID,38,7,55
LIQUID,38,8,54
LIQUID,38,9,53
LIQUID,38,10,52
LIQUID,38,11,51
LIQUID,38,12,50
LIQUID,38,13,49
LIQUID,38,14,48
LIQUID,38,15,47
LIQUID,38,16,46
LIQUID,38,17,45
LIQUID,38,18,44
LIQUID,38,19,43
LIQUID,38,20,42
LIQUID,38,21,41
LIQUID,38,22,40
LIQUID,38,23,39
LIQUID,38,24,38
LIQUID,38,25,37
LIQUID,38,26,36
LIQUID,38,27,35
LIQUID,38,28,34
LIQUID,38,29,33
LIQUID,38,30,32
LIQUID,38,31,31
LIQUID,38,32,30
LIQUID,38,33,29
LIQUID,38,34,28
LIQUID,38,35,27
LIQUID,38,36,26
LIQUID,38,37,25
LIQUID,38,38,24
LIQUID,38,39,23
LIQUID,38,40,22
LIQUID,38,41,21
LIQUID,38,42,20
LIQUID,38,43,19
LIQUID,38,44,18
LIQUID,38,45,17
LIQUID,38,46,16
LIQUID,38,47,15
LIQUID,38,48,14
LIQUID,38,49,13
LIQUID,38,50,12
LIQUID,38,51,11
LIQUID,38,52,10
LIQUID,38,53,9
LIQUID,38,54,8
LIQUID,38,55,7
LIQUID,38,56,6
LIQUID,38,57,5
LIQUID,38,58,4
LIQUID,38,59,3
LIQUID,38,60,2
LIQUID,38,61,1
LIQUID,38,62,0
LIQUID,37,0,63
LIQUID,37,1,62
LIQUID,37,2,61
LIQUID,37,3,60
LIQUID,37,4,59
LIQUID,37,5,58
LIQUID,37,6,57
LIQUID,37,7,56
LIQUID,37,8,55
LIQUID,37,9,54
LIQUID,37,10,53
LIQUID,37,11,52
LIQUID,37,12,51
LIQUID,37,13,50
LIQUID,37,14,49
LIQUID,37,15,48
LIQUID,37,16,47
LIQUID,37,17,46
LIQUID,37,18,45
LIQUID,37,19,44
LIQUID,37,20,43
LIQUID,37,21,42
LIQUID,37,22,41
LIQUID,37,23,40
LIQUID,37,24,39
LIQUID,37,25,38
LIQUID,37,26,37
LIQUID,37,27,36
LIQUID,37,28,35
LIQUID,37,29,34
LIQUID,37,30,33
LIQUID,37,31,32
LIQUID,37,32,31
LIQUID,37,33,30
LIQUID,37,34,29
LIQUID,37,35,28
LIQUID,37,36,27
LIQUID,37,37,26
LIQUID,37,38,25
LIQUID,37,39,24
LIQUID,37,40,23
LIQUID,37,41,22
LIQUID,37,42,21
LIQUID,37,43,20
LIQUID,37,44,19
LIQUID,37,45,18
LIQUID,37,46,17
LIQUID,37,47,16
LIQUID,37,48,15
LIQUID,37,49,14
LIQUID,37,50,13
LIQUID,37,51,12
LIQUID,37,52,11
LIQUID,37,53,10
LIQUID,37,54,9
LIQUID,37,55,8
LIQUID,37,56,7
LIQUID,37,57,6
LIQUID,37,58,5
LIQUID,37,59,4
LIQUID,37,60,3
LIQUID,37,61,2
LIQUID,37,62,1
LIQUID,37,63,0
LIQUID,36,0,64
LIQUID,36,1,63
LIQUID,36,2,62
LIQUID,36,3,61
LIQUID,36,4,60
LIQUID,36,5,59
LIQUID,36,6,58
LIQUID,36,7,57
LIQUID,36,8,56
LIQUID,36,9,55
LIQUID,36,10,54
LIQUID,36,11,53
LIQUID,36,12,52
LIQUID,36,13,51
LIQUID,36,14,50
LIQUID,36,15,49
LIQUID,36,16,48
LIQUID,36,17,47
LIQUID,36,18,46
LIQUID,36,19,45
LIQUID,36,20,44
LIQUID,36,21,43
LIQUID,36,22,42
LIQUID,36,23,41
LIQUID,36,24,40
LIQUID,36,25,39
LIQUID,36,26,38
LIQUID,36,27,37
LIQUID,36,28,36
LIQUID,36,29,35
LIQUID,36,30,34
LIQUID,36,31,33
LIQUID,36,32,32
LIQUID,36,33,31
LIQUID,36,34,30
LIQUID,36,35,29
LIQUID,36,36,28
LIQUID,36,37,27
LIQUID,36,38,26
LIQUID,36,39,25
LIQUID,36,40,24
LIQUID,36,41,23
LIQUID,36,42,22
LIQUID,36,43,21
LIQUID,36,44,20
LIQUID,36,45,19
LIQUID,36,46,18
LIQUID,36,47,17
LIQUID,36,48,16
LIQUID,36,49,15
LIQUID,36,50,14
LIQUID,36,51,13
LIQUID,36,52,12
LIQUID,36,53,11
LIQUID,36,54,10
LIQUID,36,55,9
LIQUID,36,56,8
LIQUID,36,57,7
LIQUID,36,58,6
LIQUID,36,59,5
LIQUID,36,60,4
LIQUID,36,61,3
LIQUID,36,62,2
LIQUID,36,63,1
LIQUID,36,64,0
LIQUID,35,0,65
LIQUID,35,1,64
LIQUID,35,2,63
LIQUID,35,3,62
LIQUID,35,4,61
LIQUID,35,5,60
LIQUID,35,6,59
LIQUID,35,7,58
LIQUID,35,8,57
LIQUID,35,9,56
LIQUID,35,10,55
LIQUID,35,11,54
LIQUID,35,12,53
LIQUID,35,13,52
LIQUID,35,14,51
LIQUID,35,15,50
LIQUID,35,16,49
LIQUID,35,17,48
LIQUID,35,18,47
LIQUID,35,19,46
LIQUID,35,20,45
LIQUID,35,21,44
LIQUID,35,22,43
LIQUID,35,23,42
LIQUID,35,24,41
LIQUID,35,25,40
LIQUID,35,26,39
LIQUID,35,27,38
LIQUID,35,28,37
LIQUID,35,29,36
LIQUID,35,30,35
LIQUID,35,31,34
LIQUID,35,32,33
LIQUID,35,33,32
LIQUID,35,34,31
LIQUID,35,35,30
LIQUID,35,36,29
LIQUID,35,37,28
LIQUID,35,38,27
LIQUID,35,39,26
LIQUID,35,40,25
LIQUID,35,41,24
LIQUID,35,42,23
LIQUID,35,43,22
LIQUID,35,44,21
LIQUID,35,45,20
LIQUID,35,46,19
LIQUID,35,47,18
LIQUID,35,48,17
LIQUID,35,49,16
LIQUID,35,50,15
LIQUID,35,51,14
LIQUID,35,52,13
LIQUID,35,53,12
LIQUID,35,54,11
LIQUID,35,55,10
LIQUID,35,56,9
LIQUID,35,57,8
LIQUID,35,58,7
LIQUID,35,59,6
LIQUID,35,60,5
LIQUID,35,61,4
LIQUID,35,62,3
LIQUID,35,63,2
LIQUID,35,64,1
LIQUID,35,65,0
LIQUID,34,0,66
LIQUID,34,1,65
LIQUID,34,2,64
LIQUID,34,3,63
LIQUID,34,4,62
LIQUID,34,5,61
LIQUID,34,6,60
LIQUID,34,7,59
LIQUID,34,8,58
LIQUID,34,9,57
LIQUID,34,10,56
LIQUID,34,11,55
LIQUID,34,12,54
LIQUID,34,13,53
LIQUID,34,14,52
LIQUID,34,15,51
LIQUID,34,16,50
LIQUID,34,17,49
LIQUID,34,18,48
LIQUID,34,19,47
LIQUID,34,20,46
LIQUID,34,21,45
LIQUID,34,22,44
LIQUID,34,23,43
LIQUID,34,24,42
LIQUID,34,25,41
LIQUID,34,26,40
LIQUID,34,27,39
LIQUID,34,28,38
LIQUID,34,29,37
LIQUID,34,30,36
LIQUID,34,31,35
LIQUID,34,32,34
LIQUID,34,33,33
LIQUID,34,34,32
LIQUID,34,35,31
LIQUID,34,36,30
LIQUID,34,37,29
LIQUID,34,38,28
LIQUID,34,39,27
LIQUID,34,40,26
LIQUID,34,41,25
LIQUID,34,42,24
LIQUID,34,43,23
LIQUID,34,44,22
LIQUID,34,45,21
LIQUID,34,46,20
LIQUID,34,47,19
LIQUID,34,48,18
LIQUID,34,49,17
LIQUID,34,50,16
LIQUID,34,51,15
LIQUID,34,52,14
LIQUID,34,53,13
LIQUID,34,54,12
LIQUID,34,55,11
LIQUID,34,56,10
LIQUID,34,57,9
LIQUID,34,58,8
LIQUID,34,59,7
LIQUID,34,60,6
LIQUID,34,61,5
LIQUID,34,62,4
LIQUID,34,63,3
LIQUID,34,64,2
LIQUID,34,65,1
LIQUID,34,66,0
LIQUID,33,0,67
LIQUID,33,1,66
LIQUID,33,2,65
LIQUID,33,3,64
LIQUID,33,4,63
LIQUID,33,5,62
LIQUID,33,6,61
LIQUID,33,7,60
LIQUID,33,8,59
LIQUID,33,9,58
LIQUID,33,10,57
LIQUID,33,11,56
LIQUID,33,12,55
LIQUID,33,13,54
LIQUID,33,14,53
LIQUID,33,15,52
LIQUID,33,16,51
LIQUID,33,17,50
LIQUID,33,18,49
LIQUID,33,19,48
LIQUID,33,20,47
LIQUID,33,21,46
LIQUID,33,22,45
LIQUID,33,23,44
LIQUID,33,24,43
LIQUID,33,25,42
LIQUID,33,26,41
LIQUID,33,27,40
LIQUID,33,28,39
LIQUID,33,29,38
LIQUID,33,30,37
LIQUID,33,31,36
LIQUID,33,32,35
LIQUID,33,33,34
LIQUID,33,34,33
LIQUID,33,35,32
LIQUID,33,36,31
LIQUID,33,37,30
LIQUID,33,38,29
LIQUID,33,39,28
LIQUID,33,40,27
LIQUID,33,41,26
LIQUID,33,42,25
LIQUID,33,43,24
LIQUID,33,44,23
LIQUID,33,45,22
LIQUID,33,46,21
LIQUID,33,47,20
LIQUID,33,48,19
LIQUID,33,49,18
LIQUID,33,50,17
LIQUID,33,51,16
LIQUID,33,52,15
LIQUID,33,53,14
LIQUID,33,54,13
LIQUID,33,55,12
LIQUID,33,56,11
LIQUID,33,57,10
LIQUID,33,58,9
LIQUID,33,59,8
LIQUID,33,60,7
LIQUID,33,61,6
LIQUID,33,62,5
LIQUID,33,63,4
LIQUID,33,64,3
LIQUID,33,65,2
LIQUID,33,66,1
LIQUID,33,67,0
LIQUID,32,0,68
LIQUID,32,1,67
LIQUID,32,2,66
LIQUID,32,3,65
LIQUID,32,4,64
LIQUID,32,5,63
LIQUID,32,6,62
LIQUID,32,7,61
LIQUID,32,8,60
LIQUID,32,9,59
LIQUID,32,10,58
LIQUID,32,11,57
LIQUID,32,12,56
LIQUID,32,13,55
LIQUID,32,14,54
LIQUID,32,15,53
LIQUID,32,16,52
LIQUID,32,17,51
LIQUID,32,18,50
LIQUID,32,19,49
LIQUID,32,20,48
LIQUID,32,21,47
LIQUID,32,22,46
LIQUID,32,23,45
LIQUID,32,24,44
LIQUID,32,25,43
LIQUID,32,26,42
LIQUID,32,27,41
LIQUID,32,28,40
LIQUID,32,29,39
LIQUID,32,30,38
LIQUID,32,31,37
LIQUID,32,32,36
LIQUID,32,33,35
LIQUID,32,34,34
LIQUID,32,35,33
LIQUID,32,36,32
LIQUID,32,37,31
LIQUID,32,38,30
LIQUID,32,39,29
LIQUID,32,40,28
LIQUID,32,41,27
LIQUID,32,42,26
LIQUID,32,43,25
LIQUID,32,44,24
LIQUID,32,45,23
LIQUID,32,46,22
LIQUID,32,47,21
LIQUID,32,48,20
LIQUID,32,49,19
LIQUID,32,50,18
LIQUID,32,51,17
LIQUID,32,52,16
LIQUID,32,53,15
LIQUID,32,54,14
LIQUID,32,55,13
LIQUID,32,56,12
LIQUID,32,57,11
LIQUID,32,58,10
LIQUID,32,59,9
LIQUID,32,60,8
LIQUID,32,61,7
LIQUID,32,62,6
LIQUID,32,63,5
LIQUID,32,64,4
LIQUID,32,65,3
LIQUID,32,66,2
LIQUID,32,67,1
LIQUID,32,68,0
FCC_A1+LIQUID,31,0,69
LIQUID,31,1,68
LIQUID,31,2,67
LIQUID,31,3,66
LIQUID,31,4,65
LIQUID,31,5,64
LIQUID,31,6,63
LIQUID,31,7,62
LIQUID,31,8,61
LIQUID,31,9,60
LIQUID,31,10,59
LIQUID,31,11,58
LIQUID,31,12,57
LIQUID,31,13,56
LIQUID,31,14,55
LIQUID,31,15,54
LIQUID,31,16,53
LIQUID,31,17,52
LIQUID,31,18,51
LIQUID,31,19,50
LIQUID,31,20,49
LIQUID,31,21,48
LIQUID,31,22,47
LIQUID,31,23,46
LIQUID,31,24,45
LIQUID,31,25,44
LIQUID,31,26,43
LIQUID,31,27,42
LIQUID,31,28,41
LIQUID,31,29,40
LIQUID,31,30,39
LIQUID,31,31,38
LIQUID,31,32,37
LIQUID,31,33,36
LIQUID,31,34,35
LIQUID,31,35,34
LIQUID,31,36,33
LIQUID,31,37,32
LIQUID,31,38,31
LIQUID,31,39,30
LIQUID,31,40,29
LIQUID,31,41,28
LIQUID,31,42,27
LIQUID,31,43,26
LIQUID,31,44,25
LIQUID,31,45,24
LIQUID,31,46,23
LIQUID,31,47,22
LIQUID,31,48,21
LIQUID,31,49,20
LIQUID,31,50,19
LIQUID,31,51,18
LIQUID,31,52,17
LIQUID,31,53,16
LIQUID,31,54,15
LIQUID,31,55,14
LIQUID,31,56,13
LIQUID,31,57,12
LIQUID,31,58,11
LIQUID,31,59,10
LIQUID,31,60,9
LIQUID,31,61,8
LIQUID,31,62,7
LIQUID,31,63,6
LIQUID,31,64,5
LIQUID,31,65,4
LIQUID,31,66,3
LIQUID,31,67,2
LIQUID,31,68,1
LIQUID,31,69,0
FCC_A1+LIQUID,30,0,70
FCC_A1+LIQUID,30,1,69
LIQUID,30,2,68
LIQUID,30,3,67
LIQUID,30,4,66
LIQUID,30,5,65
LIQUID,30,6,64
LIQUID,30,7,63
LIQUID,30,8,62
LIQUID,30,9,61
LIQUID,30,10,60
LIQUID,30,11,59
LIQUID,30,12,58
LIQUID,30,13,57
LIQUID,30,14,56
LIQUID,30,15,55
LIQUID,30,16,54
LIQUID,30,17,53
LIQUID,30,18,52
LIQUID,30,19,51
LIQUID,30,20,50
LIQUID,30,21,49
LIQUID,30,22,48
LIQUID,30,23,47
LIQUID,30,24,46
LIQUID,30,25,45
LIQUID,30,26,44
LIQUID,30,27,43
LIQUID,30,28,42
LIQUID,30,29,41
LIQUID,30,30,40
LIQUID,30,31,39
LIQUID,30,32,38
LIQUID,30,33,37
LIQUID,30,34,36
LIQUID,30,35,35
LIQUID,30,36,34
LIQUID,30,37,33
LIQUID,30,38,32
LIQUID,30,39,31
LIQUID,30,40,30
LIQUID,30,41,29
LIQUID,30,42,28
LIQUID,30,43,27
LIQUID,30,44,26
LIQUID,30,45,25
LIQUID,30,46,24
LIQUID,30,47,23
LIQUID,30,48,22
LIQUID,30,49,21
LIQUID,30,50,20
LIQUID,30,51,19
LIQUID,30,52,18
LIQUID,30,53,17
LIQUID,30,54,16
LIQUID,30,55,15
LIQUID,30,56,14
LIQUID,30,57,13
LIQUID,30,58,12
LIQUID,30,59,11
LIQUID,30,60,10
LIQUID,30,61,9
LIQUID,30,62,8
LIQUID,30,63,7
LIQUID,30,64,6
LIQUID,30,65,5
LIQUID,30,66,4
LIQUID,30,67,3
LIQUID,30,68,2
LIQUID,30,69,1
LIQUID,30,70,0
FCC_A1+LIQUID,29,0,71
FCC_A1+LIQUID,29,1,70
LIQUID,29,2,69
LIQUID,29,3,68
LIQUID,29,4,67
LIQUID,29,5,66
LIQUID,29,6,65
LIQUID,29,7,64
LIQUID,29,8,63
LIQUID,29,9,62
LIQUID,29,10,61
LIQUID,29,11,60
LIQUID,29,12,59
LIQUID,29,13,58
LIQUID,29,14,57
LIQUID,29,15,56
LIQUID,29,16,55
LIQUID,29,17,54
LIQUID,29,18,53
LIQUID,29,19,52
LIQUID,29,20,51
LIQUID,29,21,50
LIQUID,29,22,49
LIQUID,29,23,48
LIQUID,29,24,47
LIQUID,29,25,46
LIQUID,29,26,45
LIQUID,29,27,44
LIQUID,29,28,43
LIQUID,29,29,42
LIQUID,29,30,41
LIQUID,29,31,40
LIQUID,29,32,39
LIQUID,29,33,38
LIQUID,29,34,37
LIQUID,29,35,36
LIQUID,29,36,35
LIQUID,29,37,34
LIQUID,29,38,33
LIQUID,29,39,32
LIQUID,29,40,31
LIQUID,29,41,30
LIQUID,29,42,29
LIQUID,29,43,28
LIQUID,29,44,27
LIQUID,29,45,26
LIQUID,29,46,25
LIQUID,29,47,24
LIQUID,29,48,23
LIQUID,29,49,22
LIQUID,29,50,21
LIQUID,29,51,20
LIQUID,29,52,19
LIQUID,29,53,18
LIQUID,29,54,17
LIQUID,29,55,16
LIQUID,29,56,15
LIQUID,29,57,14
LIQUID,29,58,13
LIQUID,29,59,12
LIQUID,29,60,11
LIQUID,29,61,10
LIQUID,29,62,9
LIQUID,29,63,8
LIQUID,29,64,7
LIQUID,29,65,6
LIQUID,29,66,5
LIQUID,29,67,4
LIQUID,29,68,3
LIQUID,29,69,2
LIQUID,29,70,1
LIQUID,29,71,0
FCC_A1+LIQUID,28,0,72
LIQUID,28,1,71
LIQUID,28,2,70
LIQUID,28,3,69
LIQUID,28,4,68
LIQUID,28,5,67
LIQUID,28,6,66
LIQUID,28,7,65
LIQUID,28,8,64
LIQUID,28,9,63
LIQUID,28,10,62
LIQUID,28,11,61
LIQUID,28,12,60
LIQUID,28,13,59
LIQUID,28,14,58
LIQUID,28,15,57
LIQUID,28,16,56
LIQUID,28,17,55
LIQUID,28,18,54
LIQUID,28,19,53
LIQUID,28,20,52
LIQUID,28,21,51
LIQUID,28,22,50
LIQUID,28,23,49
LIQUID,28,24,48
LIQUID,28,25,47
LIQUID,28,26,46
LIQUID,28,27,45
LIQUID,28,28,44
LIQUID,28,29,43
LIQUID,28,30,42
LIQUID,28,31,41
LIQUID,28,32,40
LIQUID,28,33,39
LIQUID,28,34,38
LIQUID,28,35,37
LIQUID,28,36,36
LIQUID,28,37,35
LIQUID,28,38,34
LIQUID,28,39,33
LIQUID,28,40,32
LIQUID,28,41,31
LIQUID,28,42,30
LIQUID,28,43,29
LIQUID,28,44,28
LIQUID,28,45,27
LIQUID,28,46,26
LIQUID,28,47,25
LIQUID,28,48,24
LIQUID,28,49,23
LIQUID,28,50,22
LIQUID,28,51,21
LIQUID,28,52,20
LIQUID,28,53,19
LIQUID,28,54,18
LIQUID,28,55,17
LIQUID,28,56,16
LIQUID,28,57,15
LIQUID,28,58,14
LIQUID,28,59,13
LIQUID,28,60,12
LIQUID,28,61,11
LIQUID,28,62,10
LIQUID,28,63,9
LIQUID,28,64,8
LIQUID,28,65,7
LIQUID,28,66,6
LIQUID,28,67,5
LIQUID,28,68,4
LIQUID,28,69,3
LIQUID,28,70,2
LIQUID,28,71,1
LIQUID,28,72,0
FCC_A1,27,0,73
LIQUID,27,1,72
LIQUID,27,2,71
LIQUID,27,3,70
LIQUID,27,4,69
LIQUID,27,5,68
LIQUID,27,6,67
LIQUID,27,7,66
LIQUID,27,8,65
LIQUID,27,9,64
LIQUID,27,10,63
LIQUID,27,11,62
LIQUID,27,12,61
LIQUID,27,13,60
LIQUID,27,14,59
LIQUID,27,15,58
LIQUID,27,16,57
LIQUID,27,17,56
LIQUID,27,18,55
LIQUID,27,19,54
LIQUID,27,20,53
LIQUID,27,21,52
LIQUID,27,22,51
LIQUID,27,23,50
LIQUID,27,24,49
LIQUID,27,25,48
LIQUID,27,26,47
LIQUID,27,27,46
LIQUID,27,28,45
LIQUID,27,29,44
LIQUID,27,30,43
LIQUID,27,31,42
LIQUID,27,32,41
LIQUID,27,33,40
LIQUID,27,34,39
LIQUID,27,35,38
LIQUID,27,36,37
LIQUID,27,37,36
LIQUID,27,38,35
LIQUID,27,39,34
LIQUID,27,40,33
LIQUID,27,41,32
LIQUID,27,42,31
LIQUID,27,43,30
LIQUID,27,44,29
LIQUID,27,45,28
LIQUID,27,46,27
LIQUID,27,47,26
LIQUID,27,48,25
LIQUID,27,49,24
LIQUID,27,50,23
LIQUID,27,51,22
LIQUID,27,52,21
LIQUID,27,53,20
LIQUID,27,54,19
LIQUID,27,55,18
LIQUID,27,56,17
LIQUID,27,57,16
LIQUID,27,58,15
LIQUID,27,59,14
LIQUID,27,60,13
LIQUID,27,61,12
LIQUID,27,62,11
LIQUID,27,63,10
LIQUID,27,64,9
LIQUID,27,65,8
LIQUID,27,66,7
LIQUID,27,67,6
LIQUID,27,68,5
LIQUID,27,69,4
LIQUID,27,70,3
LIQUID,27,71,2
LIQUID,27,72,1
LIQUID,27,73,0
FCC_A1,26,0,74
FCC_A1,26,1,73
LIQUID,26,2,72
LIQUID,26,3,71
LIQUID,26,4,70
LIQUID,26,5,69
LIQUID,26,6,68
LIQUID,26,7,67
LIQUID,26,8,66
LIQUID,26,9,65
LIQUID,26,10,64
LIQUID,26,11,63
LIQUID,26,12,62
LIQUID,26,13,61
LIQUID,26,14,60
LIQUID,26,15,59
LIQUID,26,16,58
LIQUID,26,17,57
LIQUID,26,18,56
LIQUID,26,19,55
LIQUID,26,20,54
LIQUID,26,21,53
LIQUID,26,22,52
LIQUID,26,23,51
LIQUID,26,24,50
LIQUID,26,25,49
LIQUID,26,26,48
LIQUID,26,27,47
LIQUID,26,28,46
LIQUID,26,29,45
LIQUID,26,30,44
LIQUID,26,31,43
LIQUID,26,32,42
LIQUID,26,33,41
LIQUID,26,34,40
LIQUID,26,35,39
LIQUID,26,36,38
LIQUID,26,37,37
LIQUID,26,38,36
LIQUID,26,39,35
LIQUID,26,40,34
LIQUID,26,41,33
LIQUID,26,42,32
LIQUID,26,43,31
LIQUID,26,44,30
LIQUID,26,45,29
LIQUID,26,46,28
LIQUID,26,47,27
LIQUID,26,48,26
LIQUID,26,49,25
LIQUID,26,50,24
LIQUID,26,51,23
LIQUID,26,52,22
LIQUID,26,53,21
LIQUID,26,54,20
LIQUID,26,55,19
LIQUID,26,56,18
LIQUID,26,57,17
LIQUID,26,58,16
LIQUID,26,59,15
LIQUID,26,60,14
LIQUID,26,61,13
LIQUID,26,62,12
LIQUID,26,63,11
LIQUID,26,64,10
LIQUID,26,65,9
LIQUID,26,66,8
LIQUID,26,67,7
LIQUID,26,68,6
LIQUID,26,69,5
LIQUID,26,70,4
LIQUID,26,71,3
LIQUID,26,72,2
LIQUID,26,73,1
LIQUID,26,74,0
FCC_A1,25,0,75
FCC_A1,25,1,74
FCC_A1,25,2,73
LIQUID,25,3,72
LIQUID,25,4,71
LIQUID,25,5,70
LIQUID,25,6,69
LIQUID,25,7,68
LIQUID,25,8,67
LIQUID,25,9,66
LIQUID,25,10,65
LIQUID,25,11,64
LIQUID,25,12,63
LIQUID,25,13,62
LIQUID,25,14,61
LIQUID,25,15,60
LIQUID,25,16,59
LIQUID,25,17,58
LIQUID,25,18,57
LIQUID,25,19,56
LIQUID,25,20,55
LIQUID,25,21,54
LIQUID,25,22,53
LIQUID,25,23,52
LIQUID,25,24,51
LIQUID,25,25,50
LIQUID,25,26,49
LIQUID,25,27,48
LIQUID,25,28,47
LIQUID,25,29,46
LIQUID,25,30,45
LIQUID,25,31,44
LIQUID,25,32,43
LIQUID,25,33,42
LIQUID,25,34,41
LIQUID,25,35,40
LIQUID,25,36,39
LIQUID,25,37,38
LIQUID,25,38,37
LIQUID,25,39,36
LIQUID,25,40,35
LIQUID,25,41,34
LIQUID,25,42,33
LIQUID,25,43,32
LIQUID,25,44,31
LIQUID,25,45,30
LIQUID,25,46,29
LIQUID,25,47,28
LIQUID,25,48,27
LIQUID,25,49,26
LIQUID,25,50,25
LIQUID,25,51,24
LIQUID,25,52,23
LIQUID,25,53,22
LIQUID,25,54,21
LIQUID,25,55,20
LIQUID,25,56,19
LIQUID,25,57,18
LIQUID,25,58,17
LIQUID,25,59,16
LIQUID,25,60,15
LIQUID,25,61,14
LIQUID,25,62,13
LIQUID,25,63,12
LIQUID,25,64,11
LIQUID,25,65,10
LIQUID,25,66,9
LIQUID,25,67,8
LIQUID,25,68,7
LIQUID,25,69,6
LIQUID,25,70,5
LIQUID,25,71,4
LIQUID,25,72,3
LIQUID,25,73,2
LIQUID,25,74,1
LIQUID,25,75,0
FCC_A1,24,0,76
FCC_A1,24,1,75
FCC_A1,24,2,74
LIQUID,24,3,73
LIQUID,24,4,72
LIQUID,24,5,71
LIQUID,24,6,70
LIQUID,24,7,69
LIQUID,24,8,68
LIQUID,24,9,67
LIQUID,24,10,66
LIQUID,24,11,65
LIQUID,24,12,64
LIQUID,24,13,63
LIQUID,24,14,62
LIQUID,24,15,61
LIQUID,24,16,60
LIQUID,24,17,59
LIQUID,24,18,58
LIQUID,24,19,57
LIQUID,24,20,56
LIQUID,24,21,55
LIQUID,24,22,54
LIQUID,24,23,53
LIQUID,24,24,52
LIQUID,24,25,51
LIQUID,24,26,50
LIQUID,24,27,49
LIQUID,24,28,48
LIQUID,24,29,47
LIQUID,24,30,46
LIQUID,24,31,45
LIQUID,24,32,44
LIQUID,24,33,43
LIQUID,24,34,42
LIQUID,24,35,41
LIQUID,24,36,40
LIQUID,24,37,39
LIQUID,24,38,38
LIQUID,24,39,37
LIQUID,24,40,36
LIQUID,24,41,35
LIQUID,24,42,34
LIQUID,24,43,33
LIQUID,24,44,32
LIQUID,24,45,31
LIQUID,24,46,30
LIQUID,24,47,29
LIQUID,24,48,28
LIQUID,24,49,27
LIQUID,24,50,26
LIQUID,24,51,25
LIQUID,24,52,24
LIQUID,24,53,23
LIQUID,24,54,22
LIQUID,24,55,21
LIQUID,24,56,20
LIQUID,24,57,19
LIQUID,24,58,18
LIQUID,24,59,17
LIQUID,24,60,16
LIQUID,24,61,15
LIQUID,24,62,14
LIQUID,24,63,13
LIQUID,24,64,12
LIQUID,24,65,11
LIQUID,24,66,10
LIQUID,24,67,9
LIQUID,24,68,8
LIQUID,24,69,7
LIQUID,24,70,6
LIQUID,24,71,5
LIQUID,24,72,4
LIQUID,24,73,3
LIQUID,24,74,2
LIQUID,24,75,1
LIQUID,24,76,0
FCC_A1,23,0,77
FCC_A1,23,1,76
FCC_A1,23,2,75
FCC_A1,23,3,74
LIQUID,23,4,73
LIQUID,23,5,72
LIQUID,23,6,71
LIQUID,23,7,70
LIQUID,23,8,69
LIQUID,23,9,68
LIQUID,23,10,67
LIQUID,23,11,66
LIQUID,23,12,65
LIQUID,23,13,64
LIQUID,23,14,63
LIQUID,23,15,62
LIQUID,23,16,61
LIQUID,23,17,60
LIQUID,23,18,59
LIQUID,23,19,58
LIQUID,23,20,57
LIQUID,23,21,56
LIQUID,23,22,55
LIQUID,23,23,54
LIQUID,23,24,53
LIQUID,23,25,52
LIQUID,23,26,51
LIQUID,23,27,50
LIQUID,23,28,49
LIQUID,23,29,48
LIQUID,23,30,47
LIQUID,23,31,46
LIQUID,23,32,45
LIQUID,23,33,44
LIQUID,23,34,43
LIQUID,23,35,42
LIQUID,23,36,41
LIQUID,23,37,40
LIQUID,23,38,39
LIQUID,23,39,38
LIQUID,23,40,37
LIQUID,23,41,36
LIQUID,23,42,35
LIQUID,23,43,34
LIQUID,23,44,33
LIQUID,23,45,32
LIQUID,23,46,31
LIQUID,23,47,30
LIQUID,23,48,29
LIQUID,23,49,28
LIQUID,23,50,27
LIQUID,23,51,26
LIQUID,23,52,25
LIQUID,23,53,24
LIQUID,23,54,23
LIQUID,23,55,22
LIQUID,23,56,21
LIQUID,23,57,20
LIQUID,23,58,19
LIQUID,23,59,18
LIQUID,23,60,17
LIQUID,23,61,16
LIQUID,23,62,15
LIQUID,23,63,14
LIQUID,23,64,13
LIQUID,23,65,12
LIQUID,23,66,11
LIQUID,23,67,10
LIQUID,23,68,9
LIQUID,23,69,8
LIQUID,23,70,7
LIQUID,23,71,6
LIQUID,23,72,5
LIQUID,23,73,4
LIQUID,23,74,3
LIQUID,23,75,2
LIQUID,23,76,1
LIQUID,23,77,0
FCC_A1,22,0,78
FCC_A1,22,1,77
FCC_A1,22,2,76
FCC_A1+LIQUID,22,3,75
FCC_A1+LIQUID,22,4,74
LIQUID,22,5,73
LIQUID,22,6,72
LIQUID,22,7,71
LIQUID,22,8,70
LIQUID,22,9,69
LIQUID,22,10,68
LIQUID,22,11,67
LIQUID,22,12,66
LIQUID,22,13,65
LIQUID,22,14,64
LIQUID,22,15,63
LIQUID,22,16,62
LIQUID,22,17,61
LIQUID,22,18,60
LIQUID,22,19,59
LIQUID,22,20,58
LIQUID,22,21,57
LIQUID,22,22,56
LIQUID,22,23,55
LIQUID,22,24,54
LIQUID,22,25,53
LIQUID,22,26,52
LIQUID,22,27,51
LIQUID,22,28,50
LIQUID,22,29,49
LIQUID,22,30,48
LIQUID,22,31,47
LIQUID,22,32,46
LIQUID,22,33,45
LIQUID,22,34,44
LIQUID,22,35,43
LIQUID,22,36,42
LIQUID,22,37,41
LIQUID,22,38,40
LIQUID,22,39,39
LIQUID,22,40,38
LIQUID,22,41,37
LIQUID,22,42,36
LIQUID,22,43,35
LIQUID,22,44,34
LIQUID,22,45,33
LIQUID,22,46,32
LIQUID,22,47,31
LIQUID,22,48,30
LIQUID,22,49,29
LIQUID,22,50,28
LIQUID,22,51,27
LIQUID,22,52,26
LIQUID,22,53,25
LIQUID,22,54,24
LIQUID,22,55,23
LIQUID,22,56,22
LIQUID,22,57,21
LIQUID,22,58,20
LIQUID,22,59,19
LIQUID,22,60,18
LIQUID,22,61,17
LIQUID,22,62,16
LIQUID,22,63,15
LIQUID,22,64,14
LIQUID,22,65,13
LIQUID,22,66,12
LIQUID,22,67,11
LIQUID,22,68,10
LIQUID,22,69,9
LIQUID,22,70,8
LIQUID,22,71,7
LIQUID,22,72,6
LIQUID,22,73,5
LIQUID,22,74,4
LIQUID,22,75,3
LIQUID,22,76,2
LIQUID,22,77,1
LIQUID,22,78,0
FCC_A1,21,0,79
FCC_A1,21,1,78
FCC_A1,21,2,77
FCC_A1+LIQUID,21,3,76
FCC_A1+LIQUID,21,4,75
FCC_A1+LIQUID,21,5,74
LIQUID,21,6,73
LIQUID,21,7,72
LIQUID,21,8,71
LIQUID,21,9,70
LIQUID,21,10,69
LIQUID,21,11,68
LIQUID,21,12,67
LIQUID,21,13,66
LIQUID,21,14,65
LIQUID,21,15,64
LIQUID,21,16,63
LIQUID,21,17,62
LIQUID,21,18,61
LIQUID,21,19,60
LIQUID,21,20,59
LIQUID,21,21,58
LIQUID,21,22,57
LIQUID,21,23,56
LIQUID,21,24,55
LIQUID,21,25,54
LIQUID,21,26,53
LIQUID,21,27,52
LIQUID,21,28,51
LIQUID,21,29,50
LIQUID,21,30,49
LIQUID,21,31,48
LIQUID,21,32,47
LIQUID,21,33,46
LIQUID,21,34,45
LIQUID,21,35,44
LIQUID,21,36,43
LIQUID,21,37,42
LIQUID,21,38,41
LIQUID,21,39,40
LIQUID,21,40,39
LIQUID,21,41,38
LIQUID,21,42,37
LIQUID,21,43,36
LIQUID,21,44,35
LIQUID,21,45,34
LIQUID,21,46,33
LIQUID,21,47,32
LIQUID,21,48,31
LIQUID,21,49,30
LIQUID,21,50,29
LIQUID,21,51,28
LIQUID,21,52,27
LIQUID,21,53,26
LIQUID,21,54,25
LIQUID,21,55,24
LIQUID,21,56,23
LIQUID,21,57,22
LIQUID,21,58,21
LIQUID,21,59,20
LIQUID,21,60,19
LIQUID,21,61,18
LIQUID,21,62,17
LIQUID,21,63,16
LIQUID,21,64,15
LIQUID,21,65,14
LIQUID,21,66,13
LIQUID,21,67,12
LIQUID,21,68,11
LIQUID,21,69,10
LIQUID,21,70,9
LIQUID,21,71,8
LIQUID,21,72,7
LIQUID,21,73,6
LIQUID,21,74,5
LIQUID,21,75,4
LIQUID,21,76,3
LIQUID,21,77,2
LIQUID,21,78,1
LIQUID,21,79,0
FCC_A1,20,0,80
FCC_A1,20,1,79
FCC_A1,20,2,78
FCC_A1+LIQUID,20,3,77
FCC_A1+LIQUID,20,4,76
FCC_A1+LIQUID,20,5,75
FCC_A1+LIQUID,20,6,74
LIQUID,20,7,73
LIQUID,20,8,72
LIQUID,20,9,71
LIQUID,20,10,70
LIQUID,20,11,69
LIQUID,20,12,68
LIQUID,20,13,67
LIQUID,20,14,66
LIQUID,20,15,65
LIQUID,20,16,64
LIQUID,20,17,63
LIQUID,20,18,62
LIQUID,20,19,61
LIQUID,20,20,60
LIQUID,20,21,59
LIQUID,20,22,58
LIQUID,20,23,57
LIQUID,20,24,56
LIQUID,20,25,55
LIQUID,20,26,54
LIQUID,20,27,53
LIQUID,20,28,52
LIQUID,20,29,51
LIQUID,20,30,50
LIQUID,20,31,49
LIQUID,20,32,48
LIQUID,20,33,47
LIQUID,20,34,46
LIQUID,20,35,45
LIQUID,20,36,44
LIQUID,20,37,43
LIQUID,20,38,42
LIQUID,20,39,41
LIQUID,20,40,40
LIQUID,20,41,39
LIQUID,20,42,38
LIQUID,20,43,37
LIQUID,20,44,36
LIQUID,20,45,35
LIQUID,20,46,34
LIQUID,20,47,33
LIQUID,20,48,32
LIQUID,20,49,31
LIQUID,20,50,30
LIQUID,20,51,29
LIQUID,20,52,28
LIQUID,20,53,27
LIQUID,20,54,26
LIQUID,20,55,25
LIQUID,20,56,24
LIQUID,20,57,23
LIQUID,20,58,22
LIQUID,20,59,21
LIQUID,20,60,20
LIQUID,20,61,19
LIQUID,20,62,18
LIQUID,20,63,17
LIQUID,20,64,16
LIQUID,20,65,15
LIQUID,20,66,14
LIQUID,20,67,13
LIQUID,20,68,12
LIQUID,20,69,11
LIQUID,20,70,10
LIQUID,20,71,9
LIQUID,20,72,8
LIQUID,20,73,7
LIQUID,20,74,6
LIQUID,20,75,5
LIQUID,20,76,4
LIQUID,20,77,3
LIQUID,20,78,2
LIQUID,20,79,1
LIQUID,20,80,0
FCC_A1,19,0,81
FCC_A1,19,1,80
FCC_A1,19,2,79
FCC_A1,19,3,78
FCC_A1+LIQUID,19,4,77
FCC_A1+LIQUID,19,5,76
FCC_A1+LIQUID,19,6,75
FCC_A1+LIQUID,19,7,74
LIQUID,19,8,73
LIQUID,19,9,72
LIQUID,19,10,71
LIQUID,19,11,70
LIQUID,19,12,69
LIQUID,19,13,68
LIQUID,19,14,67
LIQUID,19,15,66
LIQUID,19,16,65
LIQUID,19,17,64
LIQUID,19,18,63
LIQUID,19,19,62
LIQUID,19,20,61
LIQUID,19,21,60
LIQUID,19,22,59
LIQUID,19,23,58
LIQUID,19,24,57
LIQUID,19,25,56
LIQUID,19,26,55
LIQUID,19,27,54
LIQUID,19,28,53
LIQUID,19,29,52
LIQUID,19,30,51
LIQUID,19,31,50
LIQUID,19,32,49
LIQUID,19,33,48
LIQUID,19,34,47
LIQUID,19,35,46
LIQUID,19,36,45
LIQUID,19,37,44
LIQUID,19,38,43
LIQUID,19,39,42
LIQUID,19,40,41
LIQUID,19,41,40
LIQUID,19,42,39
LIQUID,19,43,38
LIQUID,19,44,37
LIQUID,19,45,36
LIQUID,19,46,35
LIQUID,19,47,34
LIQUID,19,48,33
LIQUID,19,49,32
LIQUID,19,50,31
LIQUID,19,51,30
LIQUID,19,52,29
LIQUID,19,53,28
LIQUID,19,54,27
LIQUID,19,55,26
LIQUID,19,56,25
LIQUID,19,57,24
LIQUID,19,58,23
LIQUID,19,59,22
LIQUID,19,60,21
LIQUID,19,61,20
LIQUID,19,62,19
LIQUID,19,63,18
LIQUID,19,64,17
LIQUID,19,65,16
LIQUID,19,66,15
LIQUID,19,67,14
LIQUID,19,68,13
LIQUID,19,69,12
LIQUID,19,70,11
LIQUID,19,71,10
LIQUID,19,72,9
LIQUID,19,73,8
LIQUID,19,74,7
LIQUID,19,75,6
LIQUID,19,76,5
LIQUID,19,77,4
LIQUID,19,78,3
LIQUID,19,79,2
LIQUID,19,80,1
LIQUID,19,81,0
FCC_A1,18,0,82
FCC_A1,18,1,81
FCC_A1,18,2,80
FCC_A1,18,3,79
FCC_A1+LIQUID,18,4,78
FCC_A1+LIQUID,18,5,77
FCC_A1+LIQUID,18,6,76
FCC_A1+LIQUID,18,7,75
LIQUID,18,8,74
LIQUID,18,9,73
LIQUID,18,10,72
LIQUID,18,11,71
LIQUID,18,12,70
LIQUID,18,13,69
LIQUID,18,14,68
LIQUID,18,15,67
LIQUID,18,16,66
LIQUID,18,17,65
LIQUID,18,18,64
LIQUID,18,19,63
LIQUID,18,20,62
LIQUID,18,21,61
LIQUID,18,22,60
LIQUID,18,23,59
LIQUID,18,24,58
LIQUID,18,25,57
LIQUID,18,26,56
LIQUID,18,27,55
LIQUID,18,28,54
LIQUID,18,29,53
LIQUID,18,30,52
LIQUID,18,31,51
LIQUID,18,32,50
LIQUID,18,33,49
LIQUID,18,34,48
LIQUID,18,35,47
LIQUID,18,36,46
LIQUID,18,37,45
LIQUID,18,38,44
LIQUID,18,39,43
LIQUID,18,40,42
LIQUID,18,41,41
LIQUID,18,42,40
LIQUID,18,43,39
LIQUID,18,44,38
LIQUID,18,45,37
LIQUID,18,46,36
LIQUID,18,47,35
LIQUID,18,48,34
LIQUID,18,49,33
LIQUID,18,50,32
LIQUID,18,51,31
LIQUID,18,52,30
LIQUID,18,53,29
LIQUID,18,54,28
LIQUID,18,55,27
LIQUID,18,56,26
LIQUID,18,57,25
LIQUID,18,58,24
LIQUID,18,59,23
LIQUID,18,60,22
LIQUID,18,61,21
LIQUID,18,62,20
LIQUID,18,63,19
LIQUID,18,64,18
LIQUID,18,65,17
LIQUID,18,66,16
LIQUID,18,67,15
LIQUID,18,68,14
LIQUID,18,69,13
LIQUID,18,70,12
LIQUID,18,71,11
LIQUID,18,72,10
LIQUID,18,73,9
LIQUID,18,74,8
LIQUID,18,75,7
LIQUID,18,76,6
LIQUID,18,77,5
LIQUID,18,78,4
LIQUID,18,79,3
LIQUID,18,80,2
LIQUID,18,81,1
LIQUID,18,82,0
FCC_A1,17,0,83
FCC_A1,17,1,82
FCC_A1+LIQUID,17,2,81
FCC_A1+LIQUID,17,3,80
FCC_A1+LIQUID,17,4,79
FCC_A1+LIQUID,17,5,78
FCC_A1+LIQUID,17,6,77
FCC_A1+LIQUID,17,7,76
LIQUID,17,8,75
LIQUID,17,9,74
LIQUID,17,10,73
LIQUID,17,11,72
LIQUID,17,12,71
LIQUID,17,13,70
LIQUID,17,14,69
LIQUID,17,15,68
LIQUID,17,16,67
LIQUID,17,17,66
LIQUID,17,18,65
LIQUID,17,19,64
LIQUID,17,20,63
LIQUID,17,21,62
LIQUID,17,22,61
LIQUID,17,23,60
LIQUID,17,24,59
LIQUID,17,25,58
LIQUID,17,26,57
LIQUID,17,27,56
LIQUID,17,28,55
LIQUID,17,29,54
LIQUID,17,30,53
LIQUID,17,31,52
LIQUID,17,32,51
LIQUID,17,33,50
LIQUID,17,34,49
LIQUID,17,35,48
LIQUID,17,36,47
LIQUID,17,37,46
LIQUID,17,38,45
LIQUID,17,39,44
LIQUID,17,40,43
LIQUID,17,41,42
LIQUID,17,42,41
LIQUID,17,43,40
LIQUID,17,44,39
LIQUID,17,45,38
LIQUID,17,46,37
LIQUID,17,47,36
LIQUID,17,48,35
LIQUID,17,49,34
LIQUID,17,50,33
LIQUID,17,51,32
LIQUID,17,52,31
LIQUID,17,53,30
LIQUID,17,54,29
LIQUID,17,55,28
LIQUID,17,56,27
LIQUID,17,57,26
LIQUID,17,58,25
LIQUID,17,59,24
LIQUID,17,60,23
LIQUID,17,61,22
LIQUID,17,62,21
LIQUID,17,63,20
LIQUID,17,64,19
LIQUID,17,65,18
LIQUID,17,66,17
LIQUID,17,67,16
LIQUID,17,68,15
LIQUID,17,69,14
LIQUID,17,70,13
LIQUID,17,71,12
LIQUID,17,72,11
LIQUID,17,73,10
LIQUID,17,74,9
LIQUID,17,75,8
LIQUID,17,76,7
LIQUID,17,77,6
LIQUID,17,78,5
LIQUID,17,79,4
LIQUID,17,80,3
LIQUID,17,81,2
LIQUID,17,82,1
LIQUID,17,83,0
FCC_A1,16,0,84
FCC_A1,16,1,83
FCC_A1+LIQUID,16,2,82
FCC_A1+LIQUID,16,3,81
FCC_A1+LIQUID,16,4,80
FCC_A1+LIQUID,16,5,79
FCC_A1+LIQUID,16,6,78
LIQUID,16,7,77
LIQUID,16,8,76
LIQUID,16,9,75
LIQUID,16,10,74
LIQUID,16,11,73
LIQUID,16,12,72
LIQUID,16,13,71
LIQUID,16,14,70
LIQUID,16,15,69
LIQUID,16,16,68
LIQUID,16,17,67
LIQUID,16,18,66
LIQUID,16,19,65
LIQUID,16,20,64
LIQUID,16,21,63
LIQUID,16,22,62
LIQUID,16,23,61
LIQUID,16,24,60
LIQUID,16,25,59
LIQUID,16,26,58
LIQUID,16,27,57
LIQUID,16,28,56
LIQUID,16,29,55
LIQUID,16,30,54
LIQUID,16,31,53
LIQUID,16,32,52
LIQUID,16,33,51
LIQUID,16,34,50
LIQUID,16,35,49
LIQUID,16,36,48
LIQUID,16,37,47
LIQUID,16,38,46
LIQUID,16,39,45
LIQUID,16,40,44
LIQUID,16,41,43
LIQUID,16,42,42
LIQUID,16,43,41
LIQUID,16,44,40
LIQUID,16,45,39
LIQUID,16,46,38
LIQUID,16,47,37
LIQUID,16,48,36
LIQUID,16,49,35
LIQUID,16,50,34
LIQUID,16,51,33
LIQUID,16,52,32
LIQUID,16,53,31
LIQUID,16,54,30
LIQUID,16,55,29
LIQUID,16,56,28
LIQUID,16,57,27
LIQUID,16,58,26
LIQUID,16,59,25
LIQUID,16,60,24
LIQUID,16,61,23
LIQUID,16,62,22
LIQUID,16,63,21
LIQUID,16,64,20
LIQUID,16,65,19
LIQUID,16,66,18
LIQUID,16,67,17
LIQUID,16,68,16
LIQUID,16,69,15
LIQUID,16,70,14
LIQUID,16,71,13
LIQUID,16,72,12
LIQUID,16,73,11
LIQUID,16,74,10
LIQUID,16,75,9
LIQUID,16,76,8
LIQUID,16,77,7
LIQUID,16,78,6
LIQUID,16,79,5
LIQUID,16,80,4
LIQUID,16,81,3
LIQUID,16,82,2
LIQUID,16,83,1
LIQUID,16,84,0
FCC_A1,15,0,85
FCC_A1,15,1,84
FCC_A1,15,2,83
FCC_A1+LIQUID,15,3,82
FCC_A1+LIQUID,15,4,81
FCC_A1+LIQUID,15,5,80
FCC_A1+LIQUID,15,6,79
FCC_A1+LIQUID,15,7,78
LIQUID,15,8,77
LIQUID,15,9,76
LIQUID,15,10,75
LIQUID,15,11,74
LIQUID,15,12,73
LIQUID,15,13,72
LIQUID,15,14,71
LIQUID,15,15,70
LIQUID,15,16,69
LIQUID,15,17,68
LIQUID,15,18,67
LIQUID,15,19,66
LIQUID,15,20,65
LIQUID,15,21,64
LIQUID,15,22,63
LIQUID,15,23,62
LIQUID,15,24,61
LIQUID,15,25,60
LIQUID,15,26,59
LIQUID,15,27,58
LIQUID,15,28,57
LIQUID,15,29,56
LIQUID,15,30,55
LIQUID,15,31,54
LIQUID,15,32,53
LIQUID,15,33,52
LIQUID,15,34,51
LIQUID,15,35,50
LIQUID,15,36,49
LIQUID,15,37,48
LIQUID,15,38,47
LIQUID,15,39,46
LIQUID,15,40,45
LIQUID,15,41,44
LIQUID,15,42,43
LIQUID,15,43,42
LIQUID,15,44,41
LIQUID,15,45,40
LIQUID,15,46,39
LIQUID,15,47,38
LIQUID,15,48,37
LIQUID,15,49,36
LIQUID,15,50,35
LIQUID,15,51,34
LIQUID,15,52,33
LIQUID,15,53,32
LIQUID,15,54,31
LIQUID,15,55,30
LIQUID,15,56,29
LIQUID,15,57,28
LIQUID,15,58,27
LIQUID,15,59,26
LIQUID,15,60,25
LIQUID,15,61,24
LIQUID,15,62,23
LIQUID,15,63,22
LIQUID,15,64,21
LIQUID,15,65,20
LIQUID,15,66,19
LIQUID,15,67,18
LIQUID,15,68,17
LIQUID,15,69,16
LIQUID,15,70,15
LIQUID,15,71,14
LIQUID,15,72,13
LIQUID,15,73,12
LIQUID,15,74,11
LIQUID,15,75,10
LIQUID,15,76,9
LIQUID,15,77,8
LIQUID,15,78,7
LIQUID,15,79,6
LIQUID,15,80,5
LIQUID,15,81,4
LIQUID,15,82,3
LIQUID,15,83,2
LIQUID,15,84,1
LIQUID,15,85,0
FCC_A1,14,0,86
FCC_A1,14,1,85
FCC_A1,14,2,84
FCC_A1+LIQUID,14,3,83
FCC_A1+LIQUID,14,4,82
FCC_A1+LIQUID,14,5,81
FCC_A1+LIQUID,14,6,80
FCC_A1+LIQUID,14,7,79
FCC_A1+LIQUID,14,8,78
LIQUID,14,9,77
LIQUID,14,10,76
LIQUID,14,11,75
LIQUID,14,12,74
LIQUID,14,13,73
LIQUID,14,14,72
LIQUID,14,15,71
LIQUID,14,16,70
LIQUID,14,17,69
LIQUID,14,18,68
LIQUID,14,19,67
LIQUID,14,20,66
LIQUID,14,21,65
LIQUID,14,22,64
LIQUID,14,23,63
LIQUID,14,24,62
LIQUID,14,25,61
LIQUID,14,26,60
LIQUID,14,27,59
LIQUID,14,28,58
LIQUID,14,29,57
LIQUID,14,30,56
LIQUID,14,31,55
LIQUID,14,32,54
LIQUID,14,33,53
LIQUID,14,34,52
LIQUID,14,35,51
LIQUID,14,36,50
LIQUID,14,37,49
LIQUID,14,38,48
LIQUID,14,39,47
LIQUID,14,40,46
LIQUID,14,41,45
LIQUID,14,42,44
LIQUID,14,43,43
LIQUID,14,44,42
LIQUID,14,45,41
LIQUID,14,46,40
LIQUID,14,47,39
LIQUID,14,48,38
LIQUID,14,49,37
LIQUID,14,50,36
LIQUID,14,51,35
LIQUID,14,52,34
LIQUID,14,53,33
LIQUID,14,54,32
LIQUID,14,55,31
LIQUID,14,56,30
LIQUID,14,57,29
LIQUID,14,58,28
LIQUID,14,59,27
LIQUID,14,60,26
LIQUID,14,61,25
LIQUID,14,62,24
LIQUID,14,63,23
LIQUID,14,64,22
LIQUID,14,65,21
LIQUID,14,66,20
LIQUID,14,67,19
LIQUID,14,68,18
LIQUID,14,69,17
LIQUID,14,70,16
LIQUID,14,71,15
LIQUID,14,72,14
LIQUID,14,73,13
LIQUID,14,74,12
LIQUID,14,75,11
LIQUID,14,76,10
LIQUID,14,77,9
LIQUID,14,78,8
LIQUID,14,79,7
LIQUID,14,80,6
LIQUID,14,81,5
LIQUID,14,82,4
LIQUID,14,83,3
LIQUID,14,84,2
LIQUID,14,85,1
LIQUID,14,86,0
FCC_A1,13,0,87
FCC_A1,13,1,86
FCC_A1,13,2,85
FCC_A1+LIQUID,13,3,84
FCC_A1+LIQUID,13,4,83
FCC_A1+LIQUID,13,5,82
FCC_A1+LIQUID,13,6,81
FCC_A1+LIQUID,13,7,80
FCC_A1+LIQUID,13,8,79
LIQUID,13,9,78
LIQUID,13,10,77
LIQUID,13,11,76
LIQUID,13,12,75
LIQUID,13,13,74
LIQUID,13,14,73
LIQUID,13,15,72
LIQUID,13,16,71
LIQUID,13,17,70
LIQUID,13,18,69
LIQUID,13,19,68
LIQUID,13,20,67
LIQUID,13,21,66
LIQUID,13,22,65
LIQUID,13,23,64
LIQUID,13,24,63
LIQUID,13,25,62
LIQUID,13,26,61
LIQUID,13,27,60
LIQUID,13,28,59
LIQUID,13,29,58
LIQUID,13,30,57
LIQUID,13,31,56
LIQUID,13,32,55
LIQUID,13,33,54
LIQUID,13,34,53
LIQUID,13,35,52
LIQUID,13,36,51
LIQUID,13,37,50
LIQUID,13,38,49
LIQUID,13,39,48
LIQUID,13,40,47
LIQUID,13,41,46
LIQUID,13,42,45
LIQUID,13,43,44
LIQUID,13,44,43
LIQUID,13,45,42
LIQUID,13,46,41
LIQUID,13,47,40
LIQUID,13,48,39
LIQUID,13,49,38
LIQUID,13,50,37
LIQUID,13,51,36
LIQUID,13,52,35
LIQUID,13,53,34
LIQUID,13,54,33
LIQUID,13,55,32
LIQUID,13,56,31
LIQUID,13,57,30
LIQUID,13,58,29
LIQUID,13,59,28
LIQUID,13,60,27
LIQUID,13,61,26
LIQUID,13,62,25
LIQUID,13,63,24
LIQUID,13,64,23
LIQUID,13,65,22
LIQUID,13,66,21
LIQUID,13,67,20
LIQUID,13,68,19
LIQUID,13,69,18
LIQUID,13,70,17
LIQUID,13,71,16
LIQUID,13,72,15
LIQUID,13,73,14
LIQUID,13,74,13
LIQUID,13,75,12
LIQUID,13,76,11
LIQUID,13,77,10
LIQUID,13,78,9
LIQUID,13,79,8
LIQUID,13,80,7
LIQUID,13,81,6
LIQUID,13,82,5
LIQUID,13,83,4
LIQUID,13,84,3
LIQUID,13,85,2
LIQUID,13,86,1
LIQUID,13,87,0
FCC_A1,12,0,88
FCC_A1,12,1,87
FCC_A1+LIQUID,12,2,86
FCC_A1+LIQUID,12,3,85
FCC_A1+LIQUID,12,4,84
FCC_A1+LIQUID,12,5,83
FCC_A1+LIQUID,12,6,82
LIQUID,12,7,81
LIQUID,12,8,80
LIQUID,12,9,79
LIQUID,12,10,78
LIQUID,12,11,77
LIQUID,12,12,76
LIQUID,12,13,75
LIQUID,12,14,74
LIQUID,12,15,73
LIQUID,12,16,72
LIQUID,12,17,71
LIQUID,12,18,70
LIQUID,12,19,69
LIQUID,12,20,68
LIQUID,12,21,67
LIQUID,12,22,66
LIQUID,12,23,65
LIQUID,12,24,64
LIQUID,12,25,63
LIQUID,12,26,62
LIQUID,12,27,61
LIQUID,12,28,60
LIQUID,12,29,59
LIQUID,12,30,58
LIQUID,12,31,57
LIQUID,12,32,56
LIQUID,12,33,55
LIQUID,12,34,54
LIQUID,12,35,53
LIQUID,12,36,52
LIQUID,12,37,51
LIQUID,12,38,50
LIQUID,12,39,49
LIQUID,12,40,48
LIQUID,12,41,47
LIQUID,12,42,46
LIQUID,12,43,45
LIQUID,12,44,44
LIQUID,12,45,43
LIQUID,12,46,42
LIQUID,12,47,41
LIQUID,12,48,40
LIQUID,12,49,39
LIQUID,12,50,38
LIQUID,12,51,37
LIQUID,12,52,36
LIQUID,12,53,35
LIQUID,12,54,34
LIQUID,12,55,33
LIQUID,12,56,32
LIQUID,12,57,31
LIQUID,12,58,30
LIQUID,12,59,29
LIQUID,12,60,28
LIQUID,12,61,27
LIQUID,12,62,26
LIQUID,12,63,25
LIQUID,12,64,24
LIQUID,12,65,23
LIQUID,12,66,22
LIQUID,12,67,21
LIQUID,12,68,20
LIQUID,12,69,19
LIQUID,12,70,18
LIQUID,12,71,17
LIQUID,12,72,16
LIQUID,12,73,15
LIQUID,12,74,14
LIQUID,12,75,13
LIQUID,12,76,12
LIQUID,12,77,11
LIQUID,12,78,10
LIQUID,12,79,9
LIQUID,12,80,8
LIQUID,12,81,7
LIQUID,12,82,6
LIQUID,12,83,5
LIQUID,12,84,4
LIQUID,12,85,3
LIQUID,12,86,2
LIQUID,12,87,1
LIQUID,12,88,0
FCC_A1,11,0,89
FCC_A1,11,1,88
FCC_A1+LIQUID,11,2,87
FCC_A1+LIQUID,11,3,86
FCC_A1+LIQUID,11,4,85
FCC_A1+LIQUID,11,5,84
FCC_A1+LIQUID,11,6,83
FCC_A1+LIQUID,11,7,82
LIQUID,11,8,81
LIQUID,11,9,80
LIQUID,11,10,79
LIQUID,11,11,78
LIQUID,11,12,77
LIQUID,11,13,76
LIQUID,11,14,75
LIQUID,11,15,74
LIQUID,11,16,73
LIQUID,11,17,72
LIQUID,11,18,71
LIQUID,11,19,70
LIQUID,11,20,69
LIQUID,11,21,68
LIQUID,11,22,67
LIQUID,11,23,66
LIQUID,11,24,65
LIQUID,11,25,64
LIQUID,11,26,63
LIQUID,11,27,62
LIQUID,11,28,61
LIQUID,11,29,60
LIQUID,11,30,59
LIQUID,11,31,58
LIQUID,11,32,57
LIQUID,11,33,56
LIQUID,11,34,55
LIQUID,11,35,54
LIQUID,11,36,53
LIQUID,11,37,52
LIQUID,11,38,51
LIQUID,11,39,50
LIQUID,11,40,49
LIQUID,11,41,48
LIQUID,11,42,47
LIQUID,11,43,46
LIQUID,11,44,45
LIQUID,11,45,44
LIQUID,11,46,43
LIQUID,11,47,42
LIQUID,11,48,41
LIQUID,11,49,40
LIQUID,11,50,39
LIQUID,11,51,38
LIQUID,11,52,37
LIQUID,11,53,36
LIQUID,11,54,35
LIQUID,11,55,34
LIQUID,11,56,33
LIQUID,11,57,32
LIQUID,11,58,31
LIQUID,11,59,30
LIQUID,11,60,29
LIQUID,11,61,28
LIQUID,11,62,27
LIQUID,11,63,26
LIQUID,11,64,25
LIQUID,11,65,24
LIQUID,11,66,23
LIQUID,11,67,22
LIQUID,11,68,21
LIQUID,11,69,20
LIQUID,11,70,19
LIQUID,11,71,18
LIQUID,11,72,17
LIQUID,11,73,16
LIQUID,11,74,15
LIQUID,11,75,14
LIQUID,11,76,13
LIQUID,11,77,12
LIQUID,11,78,11
LIQUID,11,79,10
LIQUID,11,80,9
LIQUID,11,81,8
LIQUID,11,82,7
LIQUID,11,83,6
LIQUID,11,84,5
LIQUID,11,85,4
LIQUID,11,86,3
LIQUID,11,87,2
LIQUID,11,88,1
LIQUID,11,89,0
FCC_A1,10,0,90
FCC_A1,10,1,89
FCC_A1,10,2,88
FCC_A1+LIQUID,10,3,87
FCC_A1+LIQUID,10,4,86
FCC_A1+LIQUID,10,5,85
FCC_A1+LIQUID,10,6,84
FCC_A1+LIQUID,10,7,83
LIQUID,10,8,82
LIQUID,10,9,81
LIQUID,10,10,80
LIQUID,10,11,79
LIQUID,10,12,78
LIQUID,10,13,77
LIQUID,10,14,76
LIQUID,10,15,75
LIQUID,10,16,74
LIQUID,10,17,73
LIQUID,10,18,72
LIQUID,10,19,71
LIQUID,10,20,70
LIQUID,10,21,69
LIQUID,10,22,68
LIQUID,10,23,67
LIQUID,10,24,66
LIQUID,10,25,65
LIQUID,10,26,64
LIQUID,10,27,63
LIQUID,10,28,62
LIQUID,10,29,61
LIQUID,10,30,60
LIQUID,10,31,59
LIQUID,10,32,58
LIQUID,10,33,57
LIQUID,10,34,56
LIQUID,10,35,55
LIQUID,10,36,54
LIQUID,10,37,53
LIQUID,10,38,52
LIQUID,10,39,51
LIQUID,10,40,50
LIQUID,10,41,49
LIQUID,10,42,48
LIQUID,10,43,47
LIQUID,10,44,46
LIQUID,10,45,45
LIQUID,10,46,44
LIQUID,10,47,43
LIQUID,10,48,42
LIQUID,10,49,41
LIQUID,10,50,40
LIQUID,10,51,39
LIQUID,10,52,38
LIQUID,10,53,37
LIQUID,10,54,36
LIQUID,10,55,35
LIQUID,10,56,34
LIQUID,10,57,33
LIQUID,10,58,32
LIQUID,10,59,31
LIQUID,10,60,30
LIQUID,10,61,29
LIQUID,10,62,28
LIQUID,10,63,27
LIQUID,10,64,26
LIQUID,10,65,25
LIQUID,10,66,24
LIQUID,10,67,23
LIQUID,10,68,22
LIQUID,10,69,21
LIQUID,10,70,20
LIQUID,10,71,19
LIQUID,10,72,18
LIQUID,10,73,17
LIQUID,10,74,16
LIQUID,10,75,15
LIQUID,10,76,14
LIQUID,10,77,13
LIQUID,10,78,12
LIQUID,10,79,11
LIQUID,10,80,10
LIQUID,10,81,9
LIQUID,10,82,8
LIQUID,10,83,7
LIQUID,10,84,6
LIQUID,10,85,5
LIQUID,10,86,4
LIQUID,10,87,3
LIQUID,10,88,2
LIQUID,10,89,1
LIQUID,10,90,0
FCC_A1,9,0,91
FCC_A1,9,1,90
FCC_A1,9,2,89
FCC_A1+LIQUID,9,3,88
FCC_A1+LIQUID,9,4,87
FCC_A1+LIQUID,9,5,86
FCC_A1+LIQUID,9,6,85
FCC_A1+LIQUID,9,7,84
LIQUID,9,8,83
LIQUID,9,9,82
LIQUID,9,10,81
LIQUID,9,11,80
LIQUID,9,12,79
LIQUID,9,13,78
LIQUID,9,14,77
LIQUID,9,15,76
LIQUID,9,16,75
LIQUID,9,17,74
LIQUID,9,18,73
LIQUID,9,19,72
LIQUID,9,20,71
LIQUID,9,21,70
LIQUID,9,22,69
LIQUID,9,23,68
LIQUID,9,24,67
LIQUID,9,25,66
LIQUID,9,26,65
LIQUID,9,27,64
LIQUID,9,28,63
LIQUID,9,29,62
LIQUID,9,30,61
LIQUID,9,31,60
LIQUID,9,32,59
LIQUID,9,33,58
LIQUID,9,34,57
LIQUID,9,35,56
LIQUID,9,36,55
LIQUID,9,37,54
LIQUID,9,38,53
LIQUID,9,39,52
LIQUID,9,40,51
LIQUID,9,41,50
LIQUID,9,42,49
LIQUID,9,43,48
LIQUID,9,44,47
LIQUID,9,45,46
LIQUID,9,46,45
LIQUID,9,47,44
LIQUID,9,48,43
LIQUID,9,49,42
LIQUID,9,50,41
LIQUID,9,51,40
LIQUID,9,52,39
LIQUID,9,53,38
LIQUID,9,54,37
LIQUID,9,55,36
LIQUID,9,56,35
LIQUID,9,57,34
LIQUID,9,58,33
LIQUID,9,59,32
LIQUID,9,60,31
LIQUID,9,61,30
LIQUID,9,62,29
LIQUID,9,63,28
LIQUID,9,64,27
LIQUID,9,65,26
LIQUID,9,66,25
LIQUID,9,67,24
LIQUID,9,68,23
LIQUID,9,69,22
LIQUID,9,70,21
LIQUID,9,71,20
LIQUID,9,72,19
LIQUID,9,73,18
LIQUID,9,74,17
LIQUID,9,75,16
LIQUID,9,76,15
LIQUID,9,77,14
LIQUID,9,78,13
LIQUID,9,79,12
LIQUID,9,80,11
LIQUID,9,81,10
LIQUID,9,82,9
LIQUID,9,83,8
LIQUID,9,84,7
LIQUID,9,85,6
LIQUID,9,86,5
LIQUID,9,87,4
LIQUID,9,88,3
LIQUID,9,89,2
LIQUID,9,90,1
LIQUID,9,91,0
FCC_A1,8,0,92
FCC_A1,8,1,91
FCC_A1,8,2,90
FCC_A1+LIQUID,8,3,89
FCC_A1+LIQUID,8,4,88
FCC_A1+LIQUID,8,5,87
FCC_A1+LIQUID,8,6,86
FCC_A1+LIQUID,8,7,85
LIQUID,8,8,84
LIQUID,8,9,83
LIQUID,8,10,82
LIQUID,8,11,81
LIQUID,8,12,80
LIQUID,8,13,79
LIQUID,8,14,78
LIQUID,8,15,77
LIQUID,8,16,76
LIQUID,8,17,75
LIQUID,8,18,74
LIQUID,8,19,73
LIQUID,8,20,72
LIQUID,8,21,71
LIQUID,8,22,70
LIQUID,8,23,69
LIQUID,8,24,68
LIQUID,8,25,67
LIQUID,8,26,66
LIQUID,8,27,65
LIQUID,8,28,64
LIQUID,8,29,63
LIQUID,8,30,62
LIQUID,8,31,61
LIQUID,8,32,60
LIQUID,8,33,59
LIQUID,8,34,58
LIQUID,8,35,57
LIQUID,8,36,56
LIQUID,8,37,55
LIQUID,8,38,54
LIQUID,8,39,53
LIQUID,8,40,52
LIQUID,8,41,51
LIQUID,8,42,50
LIQUID,8,43,49
LIQUID,8,44,48
LIQUID,8,45,47
LIQUID,8,46,46
LIQUID,8,47,45
LIQUID,8,48,44
LIQUID,8,49,43
LIQUID,8,50,42
LIQUID,8,51,41
LIQUID,8,52,40
LIQUID,8,53,39
LIQUID,8,54,38
LIQUID,8,55,37
LIQUID,8,56,36
LIQUID,8,57,35
LIQUID,8,58,34
LIQUID,8,59,33
LIQUID,8,60,32
LIQUID,8,61,31
LIQUID,8,62,30
LIQUID,8,63,29
LIQUID,8,64,28
LIQUID,8,65,27
LIQUID,8,66,26
LIQUID,8,67,25
LIQUID,8,68,24
LIQUID,8,69,23
LIQUID,8,70,22
LIQUID,8,71,21
LIQUID,8,72,20
LIQUID,8,73,19
LIQUID,8,74,18
LIQUID,8,75,17
LIQUID,8,76,16
LIQUID,8,77,15
LIQUID,8,78,14
LIQUID,8,79,13
LIQUID,8,80,12
LIQUID,8,81,11
LIQUID,8,82,10
LIQUID,8,83,9
LIQUID,8,84,8
LIQUID,8,85,7
LIQUID,8,86,6
LIQUID,8,87,5
LIQUID,8,88,4
LIQUID,8,89,3
LIQUID,8,90,2
LIQUID,8,91,1
LIQUID,8,92,0
FCC_A1,7,0,93
FCC_A1,7,1,92
FCC_A1,7,2,91
FCC_A1+LIQUID,7,3,90
FCC_A1+LIQUID,7,4,89
FCC_A1+LIQUID,7,5,88
FCC_A1+LIQUID,7,6,87
FCC_A1+LIQUID,7,7,86
LIQUID,7,8,85
LIQUID,7,9,84
LIQUID,7,10,83
LIQUID,7,11,82
LIQUID,7,12,81
LIQUID,7,13,80
LIQUID,7,14,79
LIQUID,7,15,78
LIQUID,7,16,77
LIQUID,7,17,76
LIQUID,7,18,75
LIQUID,7,19,74
LIQUID,7,20,73
LIQUID,7,21,72
LIQUID,7,22,71
LIQUID,7,23,70
LIQUID,7,24,69
LIQUID,7,25,68
LIQUID,7,26,67
LIQUID,7,27,66
LIQUID,7,28,65
LIQUID,7,29,64
LIQUID,7,30,63
LIQUID,7,31,62
LIQUID,7,32,61
LIQUID,7,33,60
LIQUID,7,34,59
LIQUID,7,35,58
LIQUID,7,36,57
LIQUID,7,37,56
LIQUID,7,38,55
LIQUID,7,39,54
LIQUID,7,40,53
LIQUID,7,41,52
LIQUID,7,42,51
LIQUID,7,43,50
LIQUID,7,44,49
LIQUID,7,45,48
LIQUID,7,46,47
LIQUID,7,47,46
LIQUID,7,48,45
LIQUID,7,49,44
LIQUID,7,50,43
LIQUID,7,51,42
LIQUID,7,52,41
LIQUID,7,53,40
LIQUID,7,54,39
LIQUID,7,55,38
LIQUID,7,56,37
LIQUID,7,57,36
LIQUID,7,58,35
LIQUID,7,59,34
LIQUID,7,60,33
LIQUID,7,61,32
LIQUID,7,62,31
LIQUID,7,63,30
LIQUID,7,64,29
LIQUID,7,65,28
LIQUID,7,66,27
LIQUID,7,67,26
LIQUID,7,68,25
LIQUID,7,69,24
LIQUID,7,70,23
LIQUID,7,71,22
LIQUID,7,72,21
LIQUID,7,73,20
LIQUID,7,74,19
LIQUID,7,75,18
LIQUID,7,76,17
LIQUID,7,77,16
LIQUID,7,78,15
LIQUID,7,79,14
LIQUID,7,80,13
LIQUID,7,81,12
LIQUID,7,82,11
LIQUID,7,83,10
LIQUID,7,84,9
LIQUID,7,85,8
LIQUID,7,86,7
LIQUID,7,87,6
LIQUID,7,88,5
LIQUID,7,89,4
LIQUID,7,90,3
LIQUID,7,91,2
LIQUID,7,92,1
LIQUID,7,93,0
FCC_A1,6,0,94
FCC_A1,6,1,93
FCC_A1,6,2,92
FCC_A1+LIQUID,6,3,91
FCC_A1+LIQUID,6,4,90
FCC_A1+LIQUID,6,5,89
FCC_A1+LIQUID,6,6,88
FCC_A1+LIQUID,6,7,87
LIQUID,6,8,86
LIQUID,6,9,85
LIQUID,6,10,84
LIQUID,6,11,83
LIQUID,6,12,82
LIQUID,6,13,81
LIQUID,6,14,80
LIQUID,6,15,79
LIQUID,6,16,78
LIQUID,6,17,77
LIQUID,6,18,76
LIQUID,6,19,75
LIQUID,6,20,74
LIQUID,6,21,73
LIQUID,6,22,72
LIQUID,6,23,71
LIQUID,6,24,70
LIQUID,6,25,69
LIQUID,6,26,68
LIQUID,6,27,67
LIQUID,6,28,66
LIQUID,6,29,65
LIQUID,6,30,64
LIQUID,6,31,63
LIQUID,6,32,62
LIQUID,6,33,61
LIQUID,6,34,60
LIQUID,6,35,59
LIQUID,6,36,58
LIQUID,6,37,57
LIQUID,6,38,56
LIQUID,6,39,55
LIQUID,6,40,54
LIQUID,6,41,53
LIQUID,6,42,52
LIQUID,6,43,51
LIQUID,6,44,50
LIQUID,6,45,49
LIQUID,6,46,48
LIQUID,6,47,47
LIQUID,6,48,46
LIQUID,6,49,45
LIQUID,6,50,44
LIQUID,6,51,43
LIQUID,6,52,42
LIQUID,6,53,41
LIQUID,6,54,40
LIQUID,6,55,39
LIQUID,6,56,38
LIQUID,6,57,37
LIQUID,6,58,36
LIQUID,6,59,35
LIQUID,6,60,34
LIQUID,6,61,33
LIQUID,6,62,32
LIQUID,6,63,31
LIQUID,6,64,30
LIQUID,6,65,29
LIQUID,6,66,28
LIQUID,6,67,27
LIQUID,6,68,26
LIQUID,6,69,25
LIQUID,6,70,24
LIQUID,6,71,23
LIQUID,6,72,22
LIQUID,6,73,21
LIQUID,6,74,20
LIQUID,6,75,19
LIQUID,6,76,18
LIQUID,6,77,17
LIQUID,6,78,16
LIQUID,6,79,15
LIQUID,6,80,14
LIQUID,6,81,13
LIQUID,6,82,12
LIQUID,6,83,11
LIQUID,6,84,10
LIQUID,6,85,9
LIQUID,6,86,8
LIQUID,6,87,7
LIQUID,6,88,6
LIQUID,6,89,5
LIQUID,6,90,4
LIQUID,6,91,3
LIQUID,6,92,2
LIQUID,6,93,1
LIQUID,6,94,0
FCC_A1,5,0,95
FCC_A1,5,1,94
FCC_A1,5,2,93
FCC_A1+LIQUID,5,3,92
FCC_A1+LIQUID,5,4,91
FCC_A1+LIQUID,5,5,90
FCC_A1+LIQUID,5,6,89
FCC_A1+LIQUID,5,7,88
FCC_A1+LIQUID,5,8,87
LIQUID,5,9,86
LIQUID,5,10,85
LIQUID,5,11,84
LIQUID,5,12,83
LIQUID,5,13,82
LIQUID,5,14,81
LIQUID,5,15,80
LIQUID,5,16,79
LIQUID,5,17,78
LIQUID,5,18,77
LIQUID,5,19,76
LIQUID,5,20,75
LIQUID,5,21,74
LIQUID,5,22,73
LIQUID,5,23,72
LIQUID,5,24,71
LIQUID,5,25,70
LIQUID,5,26,69
LIQUID,5,27,68
LIQUID,5,28,67
LIQUID,5,29,66
LIQUID,5,30,65
LIQUID,5,31,64
LIQUID,5,32,63
LIQUID,5,33,62
LIQUID,5,34,61
LIQUID,5,35,60
LIQUID,5,36,59
LIQUID,5,37,58
LIQUID,5,38,57
LIQUID,5,39,56
LIQUID,5,40,55
LIQUID,5,41,54
LIQUID,5,42,53
LIQUID,5,43,52
LIQUID,5,44,51
LIQUID,5,45,50
LIQUID,5,46,49
LIQUID,5,47,48
LIQUID,5,48,47
LIQUID,5,49,46
LIQUID,5,50,45
LIQUID,5,51,44
LIQUID,5,52,43
LIQUID,5,53,42
LIQUID,5,54,41
LIQUID,5,55,40
LIQUID,5,56,39
LIQUID,5,57,38
LIQUID,5,58,37
LIQUID,5,59,36
LIQUID,5,60,35
LIQUID,5,61,34
LIQUID,5,62,33
LIQUID,5,63,32
LIQUID,5,64,31
LIQUID,5,65,30
LIQUID,5,66,29
LIQUID,5,67,28
LIQUID,5,68,27
LIQUID,5,69,26
LIQUID,5,70,25
LIQUID,5,71,24
LIQUID,5,72,23
LIQUID,5,73,22
LIQUID,5,74,21
LIQUID,5,75,20
LIQUID,5,76,19
LIQUID,5,77,18
LIQUID,5,78,17
LIQUID,5,79,16
LIQUID,5,80,15
LIQUID,5,81,14
LIQUID,5,82,13
LIQUID,5,83,12
LIQUID,5,84,11
LIQUID,5,85,10
LIQUID,5,86,9
LIQUID,5,87,8
LIQUID,5,88,7
LIQUID,5,89,6
LIQUID,5,90,5
LIQUID,5,91,4
LIQUID,5,92,3
LIQUID,5,93,2
LIQUID,5,94,1
LIQUID,5,95,0
FCC_A1,4,0,96
FCC_A1,4,1,95
FCC_A1,4,2,94
FCC_A1,4,3,93
FCC_A1+LIQUID,4,4,92
FCC_A1+LIQUID,4,5,91
FCC_A1+LIQUID,4,6,90
FCC_A1+LIQUID,4,7,89
FCC_A1+LIQUID,4,8,88
LIQUID,4,9,87
LIQUID,4,10,86
LIQUID,4,11,85
LIQUID,4,12,84
LIQUID,4,13,83
LIQUID,4,14,82
LIQUID,4,15,81
LIQUID,4,16,80
LIQUID,4,17,79
LIQUID,4,18,78
LIQUID,4,19,77
LIQUID,4,20,76
LIQUID,4,21,75
LIQUID,4,22,74
LIQUID,4,23,73
LIQUID,4,24,72
LIQUID,4,25,71
LIQUID,4,26,70
LIQUID,4,27,69
LIQUID,4,28,68
LIQUID,4,29,67
LIQUID,4,30,66
LIQUID,4,31,65
LIQUID,4,32,64
LIQUID,4,33,63
LIQUID,4,34,62
LIQUID,4,35,61
LIQUID,4,36,60
LIQUID,4,37,59
LIQUID,4,38,58
LIQUID,4,39,57
LIQUID,4,40,56
LIQUID,4,41,55
LIQUID,4,42,54
LIQUID,4,43,53
LIQUID,4,44,52
LIQUID,4,45,51
LIQUID,4,46,50
LIQUID,4,47,49
LIQUID,4,48,48
LIQUID,4,49,47
LIQUID,4,50,46
LIQUID,4,51,45
LIQUID,4,52,44
LIQUID,4,53,43
LIQUID,4,54,42
LIQUID,4,55,41
LIQUID,4,56,40
LIQUID,4,57,39
LIQUID,4,58,38
LIQUID,4,59,37
LIQUID,4,60,36
LIQUID,4,61,35
LIQUID,4,62,34
LIQUID,4,63,33
LIQUID,4,64,32
LIQUID,4,65,31
LIQUID,4,66,30
LIQUID,4,67,29
LIQUID,4,68,28
LIQUID,4,69,27
LIQUID,4,70,26
LIQUID,4,71,25
LIQUID,4,72,24
LIQUID,4,73,23
LIQUID,4,74,22
LIQUID,4,75,21
LIQUID,4,76,20
LIQUID,4,77,19
LIQUID,4,78,18
LIQUID,4,79,17
LIQUID,4,80,16
LIQUID,4,81,15
LIQUID,4,82,14
LIQUID,4,83,13
LIQUID,4,84,12
LIQUID,4,85,11
LIQUID,4,86,10
LIQUID,4,87,9
LIQUID,4,88,8
LIQUID,4,89,7
LIQUID,4,90,6
LIQUID,4,91,5
LIQUID,4,92,4
LIQUID,4,93,3
LIQUID,4,94,2
LIQUID,4,95,1
LIQUID,4,96,0
FCC_A1,3,0,97
FCC_A1,3,1,96
FCC_A1,3,2,95
FCC_A1,3,3,94
FCC_A1+LIQUID,3,4,93
FCC_A1+LIQUID,3,5,92
FCC_A1+LIQUID,3,6,91
FCC_A1+LIQUID,3,7,90
FCC_A1+LIQUID,3,8,89
FCC_A1+LIQUID,3,9,88
LIQUID,3,10,87
LIQUID,3,11,86
LIQUID,3,12,85
LIQUID,3,13,84
LIQUID,3,14,83
LIQUID,3,15,82
LIQUID,3,16,81
LIQUID,3,17,80
LIQUID,3,18,79
LIQUID,3,19,78
LIQUID,3,20,77
LIQUID,3,21,76
LIQUID,3,22,75
LIQUID,3,23,74
LIQUID,3,24,73
LIQUID,3,25,72
LIQUID,3,26,71
LIQUID,3,27,70
LIQUID,3,28,69
LIQUID,3,29,68
LIQUID,3,30,67
LIQUID,3,31,66
LIQUID,3,32,65
LIQUID,3,33,64
LIQUID,3,34,63
LIQUID,3,35,62
LIQUID,3,36,61
LIQUID,3,37,60
LIQUID,3,38,59
LIQUID,3,39,58
LIQUID,3,40,57
LIQUID,3,41,56
LIQUID,3,42,55
LIQUID,3,43,54
LIQUID,3,44,53
LIQUID,3,45,52
LIQUID,3,46,51
LIQUID,3,47,50
LIQUID,3,48,49
LIQUID,3,49,48
LIQUID,3,50,47
LIQUID,3,51,46
LIQUID,3,52,45
LIQUID,3,53,44
LIQUID,3,54,43
LIQUID,3,55,42
LIQUID,3,56,41
LIQUID,3,57,40
LIQUID,3,58,39
LIQUID,3,59,38
LIQUID,3,60,37
LIQUID,3,61,36
LIQUID,3,62,35
LIQUID,3,63,34
LIQUID,3,64,33
LIQUID,3,65,32
LIQUID,3,66,31
LIQUID,3,67,30
LIQUID,3,68,29
LIQUID,3,69,28
LIQUID,3,70,27
LIQUID,3,71,26
LIQUID,3,72,25
LIQUID,3,73,24
LIQUID,3,74,23
LIQUID,3,75,22
LIQUID,3,76,21
LIQUID,3,77,20
LIQUID,3,78,19
LIQUID,3,79,18
LIQUID,3,80,17
LIQUID,3,81,16
LIQUID,3,82,15
LIQUID,3,83,14
LIQUID,3,84,13
LIQUID,3,85,12
LIQUID,3,86,11
LIQUID,3,87,10
LIQUID,3,88,9
LIQUID,3,89,8
LIQUID,3,90,7
LIQUID,3,91,6
LIQUID,3,92,5
LIQUID,3,93,4
LIQUID,3,94,3
LIQUID,3,95,2
LIQUID,3,96,1
LIQUID,3,97,0
FCC_A1,2,0,98
FCC_A1,2,1,97
FCC_A1,2,2,96
FCC_A1,2,3,95
FCC_A1+LIQUID,2,4,94
FCC_A1+LIQUID,2,5,93
FCC_A1+LIQUID,2,6,92
FCC_A1+LIQUID,2,7,91
FCC_A1+LIQUID,2,8,90
FCC_A1+LIQUID,2,9,89
FCC_A1+LIQUID,2,10,88
LIQUID,2,11,87
LIQUID,2,12,86
LIQUID,2,13,85
LIQUID,2,14,84
LIQUID,2,15,83
LIQUID,2,16,82
LIQUID,2,17,81
LIQUID,2,18,80
LIQUID,2,19,79
LIQUID,2,20,78
LIQUID,2,21,77
LIQUID,2,22,76
LIQUID,2,23,75
LIQUID,2,24,74
LIQUID,2,25,73
LIQUID,2,26,72
LIQUID,2,27,71
LIQUID,2,28,70
LIQUID,2,29,69
LIQUID,2,30,68
LIQUID,2,31,67
LIQUID,2,32,66
LIQUID,2,33,65
LIQUID,2,34,64
LIQUID,2,35,63
LIQUID,2,36,62
LIQUID,2,37,61
LIQUID,2,38,60
LIQUID,2,39,59
LIQUID,2,40,58
LIQUID,2,41,57
LIQUID,2,42,56
LIQUID,2,43,55
LIQUID,2,44,54
LIQUID,2,45,53
LIQUID,2,46,52
LIQUID,2,47,51
LIQUID,2,48,50
LIQUID,2,49,49
LIQUID,2,50,48
LIQUID,2,51,47
LIQUID,2,52,46
LIQUID,2,53,45
LIQUID,2,54,44
LIQUID,2,55,43
LIQUID,2,56,42
LIQUID,2,57,41
LIQUID,2,58,40
LIQUID,2,59,39
LIQUID,2,60,38
LIQUID,2,61,37
LIQUID,2,62,36
LIQUID,2,63,35
LIQUID,2,64,34
LIQUID,2,65,33
LIQUID,2,66,32
LIQUID,2,67,31
LIQUID,2,68,30
LIQUID,2,69,29
LIQUID,2,70,28
LIQUID,2,71,27
LIQUID,2,72,26
LIQUID,2,73,25
LIQUID,2,74,24
LIQUID,2,75,23
LIQUID,2,76,22
LIQUID,2,77,21
LIQUID,2,78,20
LIQUID,2,79,19
LIQUID,2,80,18
LIQUID,2,81,17
LIQUID,2,82,16
LIQUID,2,83,15
LIQUID,2,84,14
LIQUID,2,85,13
LIQUID,2,86,12
LIQUID,2,87,11
LIQUID,2,88,10
LIQUID,2,89,9
LIQUID,2,90,8
LIQUID,2,91,7
LIQUID,2,92,6
LIQUID,2,93,5
LIQUID,2,94,4
LIQUID,2,95,3
LIQUID,2,96,2
LIQUID,2,97,1
LIQUID,2,98,0
FCC_A1,1,0,99
FCC_A1,1,1,98
FCC_A1,1,2,97
FCC_A1+LIQUID,1,3,96
FCC_A1+LIQUID,1,4,95
FCC_A1+LIQUID,1,5,94
FCC_A1+LIQUID,1,6,93
FCC_A1+LIQUID,1,7,92
FCC_A1+LIQUID,1,8,91
FCC_A1+LIQUID,1,9,90
FCC_A1+LIQUID,1,10,89
FCC_A1+LIQUID,1,11,88
LIQUID,1,12,87
LIQUID,1,13,86
LIQUID,1,14,85
LIQUID,1,15,84
LIQUID,1,16,83
LIQUID,1,17,82
LIQUID,1,18,81
LIQUID,1,19,80
LIQUID,1,20,79
LIQUID,1,21,78
LIQUID,1,22,77
LIQUID,1,23,76
LIQUID,1,24,75
LIQUID,1,25,74
LIQUID,1,26,73
LIQUID,1,27,72
LIQUID,1,28,71
LIQUID,1,29,70
LIQUID,1,30,69
LIQUID,1,31,68
LIQUID,1,32,67
LIQUID,1,33,66
LIQUID,1,34,65
LIQUID,1,35,64
LIQUID,1,36,63
LIQUID,1,37,62
LIQUID,1,38,61
LIQUID,1,39,60
LIQUID,1,40,59
LIQUID,1,41,58
LIQUID,1,42,57
LIQUID,1,43,56
LIQUID,1,44,55
LIQUID,1,45,54
LIQUID,1,46,53
LIQUID,1,47,52
LIQUID,1,48,51
LIQUID,1,49,50
LIQUID,1,50,49
LIQUID,1,51,48
LIQUID,1,52,47
LIQUID,1,53,46
LIQUID,1,54,45
LIQUID,1,55,44
LIQUID,1,56,43
LIQUID,1,57,42
LIQUID,1,58,41
LIQUID,1,59,40
LIQUID,1,60,39
LIQUID,1,61,38
LIQUID,1,62,37
LIQUID,1,63,36
LIQUID,1,64,35
LIQUID,1,65,34
LIQUID,1,66,33
LIQUID,1,67,32
LIQUID,1,68,31
LIQUID,1,69,30
LIQUID,1,70,29
LIQUID,1,71,28
LIQUID,1,72,27
LIQUID,1,73,26
LIQUID,1,74,25
LIQUID,1,75,24
LIQUID,1,76,23
LIQUID,1,77,22
LIQUID,1,78,21
LIQUID,1,79,20
LIQUID,1,80,19
LIQUID,1,81,18
LIQUID,1,82,17
LIQUID,1,83,16
LIQUID,1,84,15
LIQUID,1,85,14
LIQUID,1,86,13
LIQUID,1,87,12
LIQUID,1,88,11
LIQUID,1,89,10
LIQUID,1,90,9
LIQUID,1,91,8
LIQUID,1,92,7
LIQUID,1,93,6
LIQUID,1,94,5
LIQUID,1,95,4
LIQUID,1,96,3
LIQUID,1,97,2
LIQUID,1,98,1
LIQUID,1,99,0
FCC_A1,0,0,100
FCC_A1,0,1,99
FCC_A1,0,2,98
FCC_A1,0,3,97
FCC_A1+LIQUID,0,4,96
FCC_A1+LIQUID,0,5,95
FCC_A1+LIQUID,0,6,94
FCC_A1+LIQUID,0,7,93
FCC_A1+LIQUID,0,8,92
FCC_A1+LIQUID,0,9,91
FCC_A1+LIQUID,0,10,90
FCC_A1+LIQUID,0,11,89
FCC_A1+LIQUID,0,12,88
LIQUID,0,13,87
LIQUID,0,14,86
LIQUID,0,15,85
LIQUID,0,16,84
LIQUID,0,17,83
LIQUID,0,18,82
LIQUID,0,19,81
LIQUID,0,20,80
LIQUID,0,21,79
LIQUID,0,22,78
LIQUID,0,23,77
LIQUID,0,24,76
LIQUID,0,25,75
LIQUID,0,26,74
LIQUID,0,27,73
LIQUID,0,28,72
LIQUID,0,29,71
LIQUID,0,30,70
LIQUID,0,31,69
LIQUID,0,32,68
LIQUID,0,33,67
LIQUID,0,34,66
LIQUID,0,35,65
LIQUID,0,36,64
LIQUID,0,37,63
LIQUID,0,38,62
LIQUID,0,39,61
LIQUID,0,40,60
LIQUID,0,41,59
LIQUID,0,42,58
LIQUID,0,43,57
LIQUID,0,44,56
LIQUID,0,45,55
LIQUID,0,46,54
LIQUID,0,47,53
LIQUID,0,48,52
LIQUID,0,49,51
LIQUID,0,50,50
LIQUID,0,51,49
LIQUID,0,52,48
LIQUID,0,53,47
LIQUID,0,54,46
LIQUID,0,55,45
LIQUID,0,56,44
LIQUID,0,57,43
LIQUID,0,58,42
LIQUID,0,59,41
LIQUID,0,60,40
LIQUID,0,61,39
LIQUID,0,62,38
LIQUID,0,63,37
LIQUID,0,64,36
LIQUID,0,65,35
LIQUID,0,66,34
LIQUID,0,67,33
LIQUID,0,68,32
LIQUID,0,69,31
LIQUID,0,70,30
LIQUID,0,71,29
LIQUID,0,72,28
LIQUID,0,73,27
LIQUID,0,74,26
LIQUID,0,75,25
LIQUID,0,76,24
LIQUID,0,77,23
LIQUID,0,78,22
LIQUID,0,79,21
LIQUID,0,80,20
LIQUID,0,81,19
LIQUID,0,82,18
LIQUID,0,83,17
LIQUID,0,84,16
LIQUID,0,85,15
LIQUID,0,86,14
LIQUID,0,87,13
LIQUID,0,88,12
LIQUID,0,89,11
LIQUID,0,90,10
LIQUID,0,91,9
LIQUID,0,92,8
LIQUID,0,93,7
LIQUID,0,94,6
LIQUID,0,95,5
LIQUID,0,96,4
LIQUID,0,97,3
LIQUID,0,98,2
LIQUID,0,99,1
LIQUID,0,100,0
